-- phpMyAdmin SQL Dump
-- version 4.7.0
-- https://www.phpmyadmin.net/
--
-- Servidor: 127.0.0.1
-- Tiempo de generaci칩n: 14-12-2017 a las 21:16:10
-- Versi칩n del servidor: 10.1.25-MariaDB
-- Versi칩n de PHP: 7.1.7

SET SQL_MODE = "NO_AUTO_VALUE_ON_ZERO";
SET AUTOCOMMIT = 0;
START TRANSACTION;
SET time_zone = "+00:00";


/*!40101 SET @OLD_CHARACTER_SET_CLIENT=@@CHARACTER_SET_CLIENT */;
/*!40101 SET @OLD_CHARACTER_SET_RESULTS=@@CHARACTER_SET_RESULTS */;
/*!40101 SET @OLD_COLLATION_CONNECTION=@@COLLATION_CONNECTION */;
/*!40101 SET NAMES utf8mb4 */;

--
-- Base de datos: `coltime`
--

DELIMITER $$
--
-- Procedimientos
--
CREATE DEFINER=`root`@`localhost` PROCEDURE `PA_ActualizarProductoPorMinuto` (IN `detalle` INT, IN `negocio` INT, IN `lector` INT, IN `tiempo` VARCHAR(20))  NO SQL
BEGIN
#Formato est치ndarIF negocio=1 THEN

UPDATE detalle_formato_estandar d SET d.tiempo_por_unidad=tiempo WHERE d.detalle_proyecto_idDetalle_proyecto=detalle AND d.Procesos_idproceso=lector;

ELSE
 IF negocio=2 THEN
 #Teclados 
 UPDATE detalle_teclados d SET d.tiempo_por_unidad=tiempo WHERE d.detalle_proyecto_idDetalle_proyecto=detalle AND d.Procesos_idproceso=lector;
 
 ELSE
 #Ensamble 
 UPDATE detalle_ensamble d SET d.tiempo_por_unidad=tiempo WHERE d.detalle_proyecto_idDetalle_proyecto=detalle AND d.Procesos_idproceso=lector;
 
 END IF;
END IF;

END$$

CREATE DEFINER=`root`@`localhost` PROCEDURE `PA_ActualizarTiempoTotalPorUnidad` (IN `detalle` INT, IN `tiempo` VARCHAR(20))  NO SQL
UPDATE detalle_proyecto dp SET dp.Total_timepo_Unidad=tiempo WHERE dp.idDetalle_proyecto=detalle$$

CREATE DEFINER=`root`@`localhost` PROCEDURE `PA_ActualizarTiempoTotalProducto` (IN `detalle` INT, IN `cadena` VARCHAR(20))  NO SQL
BEGIN

UPDATE detalle_proyecto dp SET dp.tiempo_total=cadena WHERE dp.idDetalle_proyecto=detalle;

END$$

CREATE DEFINER=`root`@`localhost` PROCEDURE `PA_CalcularTiempoMinutos` (IN `orden` INT, IN `detalle` INT, IN `lector` INT, IN `busqueda` INT)  NO SQL
BEGIN
DECLARE id int;

IF busqueda=1 THEN

SET id=(SELECT f.idDetalle_formato_estandar from detalle_formato_estandar f JOIN detalle_proyecto d on f.detalle_proyecto_idDetalle_proyecto=d.idDetalle_proyecto where d.idDetalle_proyecto=detalle and f.Procesos_idproceso=lector);

 UPDATE detalle_formato_estandar f SET  f.hora_terminacion=CURRENT_TIME WHERE f.idDetalle_formato_estandar=id;

SELECT f.tiempo_total_por_proceso,TIME_FORMAT(TIMEDIFF(TIME_FORMAT(f.hora_terminacion,'%H:%i:%s'),TIME_FORMAT(f.hora_ejecucion,'%H:%i:%s')),'%H:%i:%s') as diferencia from detalle_formato_estandar f JOIN detalle_proyecto d on f.detalle_proyecto_idDetalle_proyecto=d.idDetalle_proyecto where d.proyecto_numero_orden=orden AND d.idDetalle_proyecto=detalle and f.Procesos_idproceso=lector and f.estado_idestado=4;


ELSE
 IF busqueda=2 THEN
 
SET id=(SELECT f.idDetalle_teclados from detalle_teclados f JOIN detalle_proyecto d on f.detalle_proyecto_idDetalle_proyecto=d.idDetalle_proyecto where d.idDetalle_proyecto=detalle and f.Procesos_idproceso=lector);

 UPDATE detalle_teclados f SET  f.hora_terminacion=CURRENT_TIME WHERE f.idDetalle_teclados=id;

SELECT f.tiempo_total_proceso,TIME_FORMAT(TIMEDIFF(TIME_FORMAT(f.hora_terminacion,'%H:%i:%s'),TIME_FORMAT(f.hora_ejecucion,'%H:%i:%s')),'%H:%i:%s') as diferencia from detalle_teclados f JOIN detalle_proyecto d on f.detalle_proyecto_idDetalle_proyecto=d.idDetalle_proyecto where d.proyecto_numero_orden=orden AND d.idDetalle_proyecto=detalle and f.Procesos_idproceso=lector and f.estado_idestado=4;

 ELSE
  IF busqueda=3 THEN
  
  SET id=(SELECT f.idDetalle_ensamble from detalle_ensamble f JOIN detalle_proyecto d on f.detalle_proyecto_idDetalle_proyecto=d.idDetalle_proyecto where d.idDetalle_proyecto=detalle and f.Procesos_idproceso=lector);

 UPDATE detalle_ensamble f SET  f.hora_terminacion=CURRENT_TIME WHERE f.idDetalle_ensamble=id;
  
  SELECT f.tiempo_total_por_proceso,TIME_FORMAT(TIMEDIFF(TIME_FORMAT(f.hora_terminacion,'%H:%i:%s'),TIME_FORMAT(f.hora_ejecucion,'%H:%i:%s')),'%H:%i:%s') as diferencia from detalle_ensamble f JOIN detalle_proyecto d on f.detalle_proyecto_idDetalle_proyecto=d.idDetalle_proyecto where d.proyecto_numero_orden=orden AND d.idDetalle_proyecto=detalle and f.Procesos_idproceso=lector and f.estado_idestado=4;
  
  END IF;
 
 END IF;

END IF;
END$$

CREATE DEFINER=`root`@`localhost` PROCEDURE `PA_CambiarEstadoDeProductos` (IN `negocio` INT, IN `detalle` INT)  NO SQL
BEGIN
DECLARE iniciar int;
DECLARE pausar int;
DECLARE terminar int;
DECLARE ejecucion int;
#DECLARE tipoN int;#Inicializar variablesSET iniciar=(SELECT d.pro_porIniciar FROM detalle_proyecto d WHERE d.idDetalle_proyecto=detalle);
SET pausar=(SELECT d.pro_Pausado FROM detalle_proyecto d WHERE d.idDetalle_proyecto=detalle);
SET ejecucion=(SELECT d.pro_Ejecucion FROM detalle_proyecto d WHERE d.idDetalle_proyecto=detalle);
SET terminar=(SELECT d.pro_Terminado FROM detalle_proyecto d WHERE d.idDetalle_proyecto=detalle);
#SELECT iniciar,pausar,ejecucion,terminar;
IF negocio=1 THEN 
#SET tipoN = (SELECT d.tipo_negocio_idtipo_negocio FROM detalle_proyecto d WHERE d.idDetalle_proyecto=detalle);
#Por iniciarIF iniciar!=0 AND pausar=0 AND ejecucion=0 and terminar=0 THEN
  UPDATE detalle_proyecto d SET d.estado_idestado=1 WHERE d.idDetalle_proyecto=detalle;
ELSE
#Ejecucion IF ejecucion>=1 THEN
  UPDATE detalle_proyecto d SET d.estado_idestado=4 WHERE d.idDetalle_proyecto=detalle;
 ELSE
 #Pausado  IF pausar!=0 and ejecucion=0 and (terminar=0 or terminar!=0) THEN
  UPDATE detalle_proyecto d SET d.estado_idestado=2 WHERE d.idDetalle_proyecto=detalle; 
  ELSE
   IF pausar=0 and ejecucion=0 and terminar!=0 AND iniciar!=0 THEN
   UPDATE detalle_proyecto d SET d.estado_idestado=2 WHERE d.idDetalle_proyecto=detalle;
   ELSE
    #Terminado    IF (iniciar+pausar+ejecucion+terminar)=terminar AND iniciar=0 AND pausar=0 and ejecucion=0 THEN
  UPDATE detalle_proyecto d SET d.estado_idestado=3 WHERE d.idDetalle_proyecto=detalle;  
    END IF;
   END IF;
  END IF;
 END IF;
END IF;  
 

ELSE
 IF negocio=2 or negocio=3 THEN

  IF iniciar!=0 AND pausar=0 AND ejecucion=0 and terminar=0 THEN
  UPDATE detalle_proyecto d SET d.estado_idestado=1 WHERE d.idDetalle_proyecto=detalle;
  END IF;


IF ejecucion >= 1  THEN
UPDATE detalle_proyecto d SET d.estado_idestado=4 WHERE d.idDetalle_proyecto=detalle;
ELSE
 IF pausar!=0 and ejecucion=0 and (terminar!=0 or terminar=0) THEN
    UPDATE detalle_proyecto d SET d.estado_idestado=2 WHERE d.idDetalle_proyecto=detalle;
 ELSE
  IF terminar!=0 AND ejecucion=0 AND pausar=0 THEN
        CALL PA_CambiarEstadoTerminadoTEIN(negocio,detalle);
   END IF;
 END IF;
END IF;

 END IF;
END IF;

CALL PA_CambiarEstadoDeProyecto((SELECT d.proyecto_numero_orden FROM detalle_proyecto d where d.idDetalle_proyecto=detalle));
END$$

CREATE DEFINER=`root`@`localhost` PROCEDURE `PA_CambiarEstadoDeProyecto` (IN `orden` INT)  NO SQL
BEGIN

DECLARE iniciar int;
DECLARE pausar int;
DECLARE ejecucion int;
DECLARE terminado int;

SET iniciar=(SELECT COUNT(*) FROM detalle_proyecto d WHERE d.proyecto_numero_orden=orden AND d.estado_idestado=1);
SET pausar=(SELECT COUNT(*) FROM detalle_proyecto d WHERE d.proyecto_numero_orden=orden AND d.estado_idestado=2);
SET terminado=(SELECT COUNT(*) FROM detalle_proyecto d WHERE d.proyecto_numero_orden=orden AND d.estado_idestado=3);
SET ejecucion=(SELECT COUNT(*) FROM detalle_proyecto d WHERE d.proyecto_numero_orden=orden AND d.estado_idestado=4);
SELECT iniciar,pausar,terminado,ejecucion; 
 

#Por iniciarIF iniciar!=0 AND pausar=0 AND ejecucion=0 and terminado=0 THEN
  UPDATE proyecto p SET p.estado_idestado=1, p.fecha_salidal=null WHERE p.numero_orden = orden;
ELSE
#Ejecucion IF ejecucion>=1 THEN
  UPDATE proyecto p SET p.estado_idestado=4, p.fecha_salidal=null WHERE p.numero_orden = orden;
 ELSE
 #Pausado  IF pausar!=0 and ejecucion=0 and (terminado=0 or terminado!=0) THEN
  UPDATE proyecto p SET p.estado_idestado=2, p.fecha_salidal=null WHERE p.numero_orden = orden;   
  ELSE
   IF pausar=0 and ejecucion=0 and terminado!=0 AND iniciar!=0 THEN
   UPDATE proyecto p SET p.estado_idestado=2, p.fecha_salidal=null WHERE p.numero_orden = orden;  
   ELSE
    #Terminado    IF (iniciar+pausar+ejecucion+terminado)=terminar AND iniciar=0 AND pausar=0 and ejecucion=0 THEN
  	UPDATE proyecto p SET p.estado_idestado=3, p.fecha_salidal=(SELECT NOW()) WHERE p.numero_orden = orden; 
    END IF;
   END IF;
  END IF;
 END IF;
END IF; 


END$$

CREATE DEFINER=`root`@`localhost` PROCEDURE `PA_CambiarEstadoTerminadoTEIN` (IN `negocio` INT, IN `detalle` INT)  NO SQL
BEGIN
DECLARE res boolean;
IF negocio=2 THEN
  IF EXISTS(SELECT d.estado_idestado FROM detalle_teclados d where    d.detalle_proyecto_idDetalle_proyecto=detalle AND d.Procesos_idproceso=14 AND d.estado_idestado=3) THEN

 SET res= true;
 
 ELSE 

 SET res = false;

 END IF;

ELSE

 IF EXISTS(SELECT d.estado_idestado FROM detalle_ensamble d where    d.detalle_proyecto_idDetalle_proyecto=detalle AND d.Procesos_idproceso=18 AND d.estado_idestado=3) THEN

 SET res= true;
 
 ELSE 

 SET res = false;
 
 END IF;

END IF;


IF res THEN

 UPDATE detalle_proyecto p SET p.estado_idestado=3  where p.idDetalle_proyecto=detalle;
ELSE
  UPDATE detalle_proyecto p SET p.estado_idestado=2 where p.idDetalle_proyecto=detalle;

END IF;
END$$

CREATE DEFINER=`root`@`localhost` PROCEDURE `PA_CantidadProyectosEjecucion` ()  NO SQL
BEGIN

SELECT COUNT(*),dp.negocio_idnegocio FROM detalle_proyecto dp JOIN proyecto p ON dp.proyecto_numero_orden=p.numero_orden WHERE dp.estado_idestado=4 AND dp.PNC=0 and p.eliminacion=1 GROUP BY dp.negocio_idnegocio;

END$$

CREATE DEFINER=`root`@`localhost` PROCEDURE `PA_CantidadProyectosIngresadosArea` ()  NO SQL
BEGIN

SELECT COUNT(dp.idDetalle_proyecto) as catidadIngresada ,dp.negocio_idnegocio FROM detalle_proyecto dp JOIN proyecto p ON dp.proyecto_numero_orden=p.numero_orden WHERE DATE_FORMAT(p.fecha_ingreso,'%Y -%m -%d')=DATE_FORMAT(CURDATE(),'%Y -%m -%d')  and p.eliminacion=1 GROUP BY dp.negocio_idnegocio;

END$$

CREATE DEFINER=`root`@`localhost` PROCEDURE `PA_CantidadProyectosPorIniciar` ()  NO SQL
BEGIN

SELECT COUNT(*),dp.negocio_idnegocio FROM detalle_proyecto dp JOIN proyecto p ON dp.proyecto_numero_orden=p.numero_orden WHERE dp.estado_idestado=1 AND dp.PNC=0 and p.eliminacion=1 GROUP BY dp.negocio_idnegocio;

END$$

CREATE DEFINER=`root`@`localhost` PROCEDURE `PA_CantidadProyectosterminadosHoy` ()  NO SQL
BEGIN
DECLARE FE INT;
DECLARE TE INT;
DECLARE EN INT;

SET FE =(SELECT COUNT(*) FROM detalle_formato_estandar df JOIN detalle_proyecto dp ON df.detalle_proyecto_idDetalle_proyecto=dp.idDetalle_proyecto JOIN proyecto p ON dp.proyecto_numero_orden=p.numero_orden WHERE DATE_FORMAT(df.fecha_fin,'%Y-%m-%d')=DATE_FORMAT(CURRENT_DATE,'%Y-%m-%d') AND df.Procesos_idproceso=10 AND dp.estado_idestado=3 AND df.estado_idestado=3 and p.eliminacion=1);

SET TE =(SELECT COUNT(*) FROM detalle_teclados dt JOIN detalle_proyecto dp ON dt.detalle_proyecto_idDetalle_proyecto=dp.idDetalle_proyecto JOIN proyecto p ON dp.proyecto_numero_orden=p.numero_orden WHERE DATE_FORMAT(dt.fecha_fin,'%Y-%m-%d')=DATE_FORMAT(CURRENT_DATE,'%Y-%m-%d') AND dt.Procesos_idproceso=14 AND dp.estado_idestado=3 AND dt.estado_idestado=3 and p.eliminacion=1);

SET EN =(SELECT COUNT(*) FROM detalle_ensamble de JOIN detalle_proyecto dp ON de.detalle_proyecto_idDetalle_proyecto=dp.idDetalle_proyecto JOIN proyecto p ON dp.proyecto_numero_orden=p.numero_orden WHERE DATE_FORMAT(de.fecha_fin,'%Y-%m-%d')=DATE_FORMAT(CURRENT_DATE,'%Y-%m-%d') AND de.Procesos_idproceso=18 AND dp.estado_idestado=3 AND de.estado_idestado=3 and p.eliminacion=1);

SELECT FE,TE,EN;

END$$

CREATE DEFINER=`root`@`localhost` PROCEDURE `PA_ConsultarDetalleProyecto` (IN `orden` INT(11), IN `estado` INT)  NO SQL
BEGIN

IF estado=0 THEN
#DesactivadosSELECT d.idDetalle_proyecto,n.nom_negocio,t.nombre,d.canitadad_total,e.nombre as estado, d.PNC,d.ubicacion,d.material FROM tipo_negocio t  JOIN detalle_proyecto d on t.idtipo_negocio=d.tipo_negocio_idtipo_negocio JOIN negocio n on d.negocio_idnegocio=n.idnegocio JOIN estado e on d.estado_idestado=e.idestado JOIN proyecto p ON d.proyecto_numero_orden=p.numero_orden WHERE d.proyecto_numero_orden=orden;
ELSE
SELECT d.idDetalle_proyecto,n.nom_negocio,t.nombre,d.canitadad_total,e.nombre as estado, d.PNC,d.ubicacion,d.material FROM tipo_negocio t  JOIN detalle_proyecto d on t.idtipo_negocio=d.tipo_negocio_idtipo_negocio JOIN negocio n on d.negocio_idnegocio=n.idnegocio JOIN estado e on d.estado_idestado=e.idestado JOIN proyecto p ON d.proyecto_numero_orden=p.numero_orden WHERE d.proyecto_numero_orden=orden and p.eliminacion=1;
END IF;

END$$

CREATE DEFINER=`root`@`localhost` PROCEDURE `PA_ConsultarIndormacionQR` (IN `orden` INT)  NO SQL
BEGIN
select p.idDetalle_proyecto,d.idDetalle_formato_estandar,d.Procesos_idproceso from detalle_proyecto p INNER JOIN detalle_formato_estandar d ON p.idDetalle_proyecto=d.detalle_proyecto_idDetalle_proyecto where p.proyecto_numero_orden=orden;

END$$

CREATE DEFINER=`root`@`localhost` PROCEDURE `PA_ConsultarNumeroOrden` ()  NO SQL
SHOW TABLE STATUS like 'proyecto'$$

CREATE DEFINER=`root`@`localhost` PROCEDURE `PA_ConsultarProcesosFE` (IN `detalle` INT)  NO SQL
begin

SELECT p.nombre_proceso FROM detalle_formato_estandar f JOIN procesos p on f.Procesos_idproceso=p.idproceso WHERE f.detalle_proyecto_idDetalle_proyecto=detalle;

END$$

CREATE DEFINER=`root`@`localhost` PROCEDURE `PA_ConsultarProyectosEliminados` ()  NO SQL
BEGIN

SELECT p.numero_orden,u.nombres,p.nombre_cliente,p.nombre_proyecto,DATE_FORMAT(p.fecha_ingreso,'%d-%M-%Y %h:%i %p') as ingreso,p.fecha_entrega,DATE_FORMAT(p.fecha_salidal,'%d-%M-%Y %h:%i %p') as salida,e.nombre,p.tipo_proyecto,p.FE,p.TE,p.IN,p.ruteoC,p.antisolderC,p.ruteoP,p.antisolderP FROM usuario u JOIN proyecto p ON u.numero_documento=p.usuario_numero_documento LEFT JOIN estado e on p.estado_idestado=e.idestado WHERE p.eliminacion=0;

END$$

CREATE DEFINER=`root`@`localhost` PROCEDURE `PA_ConsultarProyectosEntrega` (IN `orden` INT, IN `nombreC` VARCHAR(45), IN `nombreP` VARCHAR(45), IN `fecha` VARCHAR(10))  NO SQL
BEGIN

IF orden='' and nombreC='' and nombreP='' and fecha='' THEN
SELECT p.numero_orden,u.nombres,p.nombre_cliente,p.nombre_proyecto,DATE_FORMAT(p.fecha_ingreso,'%d-%M-%Y %h:%i %p') as ingreso,p.fecha_entrega,DATE_FORMAT(p.fecha_salidal,'%d-%M-%Y %h:%i %p') as salida,e.nombre,p.tipo_proyecto,p.FE,p.TE,p.IN,p.ruteoC,p.antisolderC,p.ruteoP,p.antisolderP FROM usuario u JOIN proyecto p ON u.numero_documento=p.usuario_numero_documento LEFT JOIN estado e on p.estado_idestado=e.idestado WHERE p.eliminacion=1;
ELSE
  IF orden!='' and nombreC='' and nombreP='' and fecha='' THEN
SELECT p.numero_orden,u.nombres,p.nombre_cliente,p.nombre_proyecto,DATE_FORMAT(p.fecha_ingreso,'%d-%M-%Y %h:%i %p') as     ingreso,p.fecha_entrega,DATE_FORMAT(p.fecha_salidal,'%d-%M-%Y %h:%i %p') as salida,e.nombre,p.tipo_proyecto,p.FE,p.TE,p.IN,p.ruteoC,p.antisolderC,p.ruteoP,p.antisolderP FROM usuario u JOIN proyecto p ON u.numero_documento=p.usuario_numero_documento LEFT JOIN estado e on p.estado_idestado=e.idestado WHERE p.numero_orden LIKE concat(orden,'%') AND p.eliminacion=1;
  ELSE 
    IF orden='' and nombreC!='' and nombreP='' and fecha='' THEN
SELECT p.numero_orden,u.nombres,p.nombre_cliente,p.nombre_proyecto,DATE_FORMAT(p.fecha_ingreso,'%d-%M-%Y %h:%i %p') as     ingreso,p.fecha_entrega,DATE_FORMAT(p.fecha_salidal,'%d-%M-%Y %h:%i %p') as salida,e.nombre,p.tipo_proyecto,p.FE,p.TE,p.IN,p.ruteoC,p.antisolderC,p.ruteoP,p.antisolderP FROM usuario u JOIN proyecto p ON u.numero_documento=p.usuario_numero_documento LEFT JOIN estado e on p.estado_idestado=e.idestado WHERE p.nombre_cliente LIKE concat(nombreC,'%') AND p.eliminacion=1;
    ELSE
      IF orden='' and nombreC='' and nombreP!='' and fecha='' THEN
SELECT p.numero_orden,u.nombres,p.nombre_cliente,p.nombre_proyecto,DATE_FORMAT(p.fecha_ingreso,'%d-%M-%Y %h:%i %p') as     ingreso,p.fecha_entrega,DATE_FORMAT(p.fecha_salidal,'%d-%M-%Y %h:%i %p') as salida,e.nombre,p.tipo_proyecto,p.FE,p.TE,p.IN,p.ruteo,p.antisolder FROM usuario u JOIN proyecto p ON u.numero_documento=p.usuario_numero_documento LEFT JOIN estado e on p.estado_idestado=e.idestado WHERE p.nombre_proyecto LIKE concat(nombreP,'%') AND p.eliminacion=1;
       ELSE
         IF orden!='' and nombreC!='' and nombreP='' and fecha='' THEN
SELECT p.numero_orden,u.nombres,p.nombre_cliente,p.nombre_proyecto,DATE_FORMAT(p.fecha_ingreso,'%d-%M-%Y %h:%i %p') as     ingreso,p.fecha_entrega,DATE_FORMAT(p.fecha_salidal,'%d-%M-%Y %h:%i %p') as salida,e.nombre,p.tipo_proyecto,p.FE,p.TE,p.IN,p.ruteoC,p.antisolderC,p.ruteoP,p.antisolderP FROM usuario u JOIN proyecto p ON u.numero_documento=p.usuario_numero_documento LEFT JOIN estado e on p.estado_idestado=e.idestado WHERE p.numero_orden LIKE concat(orden,'%') AND p.nombre_cliente LIKE concat(nombreC,'%') AND p.eliminacion=1;
	      ELSE
            IF orden='' and nombreC!='' and nombreP!='' and fecha='' THEN
SELECT p.numero_orden,u.nombres,p.nombre_cliente,p.nombre_proyecto,DATE_FORMAT(p.fecha_ingreso,'%d-%M-%Y %h:%i %p') as     ingreso,p.fecha_entrega,DATE_FORMAT(p.fecha_salidal,'%d-%M-%Y %h:%i %p') as salida,e.nombre,p.tipo_proyecto,p.FE,p.TE,p.IN,p.ruteoC,p.antisolderC,p.ruteoP,p.antisolderP FROM usuario u JOIN proyecto p ON u.numero_documento=p.usuario_numero_documento LEFT JOIN estado e on p.estado_idestado=e.idestado WHERE p.nombre_cliente LIKE concat(nombreC,'%') AND p.nombre_proyecto LIKE concat(nombreP,'%') AND p.eliminacion=1;
            ELSE
              IF orden!='' and nombreC='' and nombreP!='' and fecha='' THEN
SELECT p.numero_orden,u.nombres,p.nombre_cliente,p.nombre_proyecto,DATE_FORMAT(p.fecha_ingreso,'%d-%M-%Y %h:%i %p') as     ingreso,p.fecha_entrega,DATE_FORMAT(p.fecha_salidal,'%d-%M-%Y %h:%i %p') as salida,e.nombre,p.tipo_proyecto,p.FE,p.TE,p.IN,p.ruteoC,p.antisolderC,p.ruteoP,p.antisolderP FROM usuario u JOIN proyecto p ON u.numero_documento=p.usuario_numero_documento LEFT JOIN estado e on p.estado_idestado=e.idestado WHERE p.numero_orden LIKE concat(orden,'%') AND p.nombre_proyecto LIKE concat(nombreP,'%') and 
p.eliminacion=1;
              ELSE 
                IF orden!='' and nombreC!='' and nombreP!='' and fecha='' THEN
SELECT p.numero_orden,u.nombres,p.nombre_cliente,p.nombre_proyecto,DATE_FORMAT(p.fecha_ingreso,'%d-%M-%Y %h:%i %p') as     ingreso,p.fecha_entrega,DATE_FORMAT(p.fecha_salidal,'%d-%M-%Y %h:%i %p') as salida,e.nombre,p.tipo_proyecto,p.FE,p.TE,p.IN,p.ruteoC,p.antisolderC,p.ruteoP,p.antisolderP FROM usuario u JOIN proyecto p ON u.numero_documento=p.usuario_numero_documento LEFT JOIN estado e on p.estado_idestado=e.idestado WHERE p.numero_orden LIKE concat(orden,'%') AND p.nombre_cliente LIKE concat(nombreC,'%') AND p.nombre_proyecto LIKE concat(nombreP,'%') AND p.eliminacion=1;
                ELSE
                  IF orden='' and nombreC='' and nombreP='' and fecha!='' THEN
SELECT p.numero_orden,u.nombres,p.nombre_cliente,p.nombre_proyecto,DATE_FORMAT(p.fecha_ingreso,'%d-%M-%Y %h:%i %p') as     ingreso,p.fecha_entrega,DATE_FORMAT(p.fecha_salidal,'%d-%M-%Y %h:%i %p') as salida,e.nombre,p.tipo_proyecto,p.FE,p.TE,p.IN,p.ruteoC,p.antisolderC,p.ruteoP,p.antisolderP FROM usuario u JOIN proyecto p ON u.numero_documento=p.usuario_numero_documento LEFT JOIN estado e on p.estado_idestado=e.idestado WHERE DATE_FORMAT(p.fecha_entrega,'%Y-%m-%d')=fecha AND p.eliminacion=1;
				  ELSE
                    IF orden!='' and nombreC='' and nombreP='' and fecha!='' THEN
SELECT p.numero_orden,u.nombres,p.nombre_cliente,p.nombre_proyecto,DATE_FORMAT(p.fecha_ingreso,'%d-%M-%Y %h:%i %p') as     ingreso,p.fecha_entrega,DATE_FORMAT(p.fecha_salidal,'%d-%M-%Y %h:%i %p') as salida,e.nombre,p.tipo_proyecto,p.FE,p.TE,p.IN,p.ruteoC,p.antisolderC,p.ruteoP,p.antisolderP FROM usuario u JOIN proyecto p ON u.numero_documento=p.usuario_numero_documento LEFT JOIN estado e on p.estado_idestado=e.idestado WHERE p.numero_orden LIKE concat(orden,'%') AND DATE_FORMAT(p.fecha_entrega,'%Y-%m-%d')=fecha AND p.eliminacion=1;
 					ELSE
                      IF orden='' and nombreC!='' and nombreP='' and fecha!='' THEN
SELECT p.numero_orden,u.nombres,p.nombre_cliente,p.nombre_proyecto,DATE_FORMAT(p.fecha_ingreso,'%d-%M-%Y %h:%i %p') as     ingreso,p.fecha_entrega,DATE_FORMAT(p.fecha_salidal,'%d-%M-%Y %h:%i %p') as salida,e.nombre,p.tipo_proyecto,p.FE,p.TE,p.IN,p.ruteoC,p.antisolderC,p.ruteoP,p.antisolderP FROM usuario u JOIN proyecto p ON u.numero_documento=p.usuario_numero_documento LEFT JOIN estado e on p.estado_idestado=e.idestado WHERE p.nombre_cliente LIKE concat(nombreC,'%') AND DATE_FORMAT(p.fecha_entrega,'%Y-%m-%d')=fecha AND p.eliminacion=1;                     					  ELSE
					     IF orden='' and nombreC='' and nombreP!='' and fecha!='' THEN
SELECT p.numero_orden,u.nombres,p.nombre_cliente,p.nombre_proyecto,DATE_FORMAT(p.fecha_ingreso,'%d-%M-%Y %h:%i %p') as     ingreso,p.fecha_entrega,DATE_FORMAT(p.fecha_salidal,'%d-%M-%Y %h:%i %p') as salida,e.nombre,p.tipo_proyecto,p.FE,p.TE,p.IN,p.ruteoC,p.antisolderC,p.ruteoP,p.antisolderP FROM usuario u JOIN proyecto p ON u.numero_documento=p.usuario_numero_documento LEFT JOIN estado e on p.estado_idestado=e.idestado WHERE p.nombre_proyecto LIKE concat(nombreP,'%') AND DATE_FORMAT(p.fecha_entrega,'%Y-%m-%d')=fecha AND p.eliminacion=1;  
                          ELSE
                            IF orden!='' and nombreC!='' and nombreP='' and fecha!='' THEN
SELECT p.numero_orden,u.nombres,p.nombre_cliente,p.nombre_proyecto,DATE_FORMAT(p.fecha_ingreso,'%d-%M-%Y %h:%i %p') as     ingreso,p.fecha_entrega,DATE_FORMAT(p.fecha_salidal,'%d-%M-%Y %h:%i %p') as salida,e.nombre,p.tipo_proyecto,p.FE,p.TE,p.IN,p.ruteoC,p.antisolderC,p.ruteoP,p.antisolderP FROM usuario u JOIN proyecto p ON u.numero_documento=p.usuario_numero_documento LEFT JOIN estado e on p.estado_idestado=e.idestado WHERE p.nombre_cliente LIKE concat(nombreC,'%') AND p.numero_orden LIKE concat(orden,'%') AND DATE_FORMAT(p.fecha_entrega,'%Y-%m-%d')=fecha AND p.eliminacion=1;  
						     ELSE
                               IF orden!='' and nombreC='' and nombreP!='' and fecha!='' THEN
SELECT p.numero_orden,u.nombres,p.nombre_cliente,p.nombre_proyecto,DATE_FORMAT(p.fecha_ingreso,'%d-%M-%Y %h:%i %p') as     ingreso,p.fecha_entrega,DATE_FORMAT(p.fecha_salidal,'%d-%M-%Y %h:%i %p') as salida,e.nombre,p.tipo_proyecto,p.FE,p.TE,p.IN,p.ruteoC,p.antisolderC,p.ruteoP,p.antisolderP FROM usuario u JOIN proyecto p ON u.numero_documento=p.usuario_numero_documento LEFT JOIN estado e on p.estado_idestado=e.idestado WHERE p.nombre_proyecto LIKE concat(nombreP,'%') AND p.numero_orden LIKE concat(orden,'%') AND DATE_FORMAT(p.fecha_entrega,'%Y-%m-%d')=fecha AND p.eliminacion=1;  
                               ELSE
                                 IF orden='' and nombreC!='' and nombreP!='' and fecha!='' THEN
SELECT p.numero_orden,u.nombres,p.nombre_cliente,p.nombre_proyecto,DATE_FORMAT(p.fecha_ingreso,'%d-%M-%Y %h:%i %p') as     ingreso,p.fecha_entrega,DATE_FORMAT(p.fecha_salidal,'%d-%M-%Y %h:%i %p') as salida,e.nombre,p.tipo_proyecto,p.FE,p.TE,p.IN,p.ruteoC,p.antisolderC,p.ruteoP,p.antisolderP FROM usuario u JOIN proyecto p ON u.numero_documento=p.usuario_numero_documento LEFT JOIN estado e on p.estado_idestado=e.idestado WHERE p.nombre_cliente LIKE concat(nombreC,'%') AND p.nombre_proyecto LIKE concat(nombreP,'%') AND DATE_FORMAT(p.fecha_entrega,'%Y-%m-%d')=fecha AND p.eliminacion=1;
                                 ELSE
                                   IF orden!='' and nombreC!='' and nombreP!='' and fecha!='' THEN 
SELECT p.numero_orden,u.nombres,p.nombre_cliente,p.nombre_proyecto,DATE_FORMAT(p.fecha_ingreso,'%d-%M-%Y %h:%i %p') as     ingreso,p.fecha_entrega,DATE_FORMAT(p.fecha_salidal,'%d-%M-%Y %h:%i %p') as salida,e.nombre,p.tipo_proyecto,p.FE,p.TE,p.IN,p.ruteoC,p.antisolderC,p.ruteoP,p.antisolderP FROM usuario u JOIN proyecto p ON u.numero_documento=p.usuario_numero_documento LEFT JOIN estado e on p.estado_idestado=e.idestado WHERE p.numero_orden LIKE concat(orden,'%') AND p.nombre_cliente LIKE concat(nombreC,'%') AND p.nombre_proyecto LIKE concat(nombreP,'%') AND DATE_FORMAT(p.fecha_entrega,'%Y-%m-%d')=fecha AND p.eliminacion=1;                                   
                                   END IF;
                                 END IF;
                               END IF;
                            END IF;
                         END IF;
                      END IF;
                    END IF;
                  END IF;
                END IF;
              END IF;
            END IF;
         END IF;
      END IF; 
    END IF;
  END IF;
END IF;
END$$

CREATE DEFINER=`root`@`localhost` PROCEDURE `PA_ConsultarProyectosIngreso` (IN `orden` INT, IN `nombreC` VARCHAR(45), IN `nombreP` VARCHAR(45), IN `fecha` VARCHAR(10))  NO SQL
BEGIN

IF orden='' and nombreC='' and nombreP='' and fecha='' THEN
SELECT p.numero_orden,u.nombres,p.nombre_cliente,p.nombre_proyecto,DATE_FORMAT(p.fecha_ingreso,'%d-%M-%Y %h:%i %p') as ingreso,p.fecha_entrega,DATE_FORMAT(p.fecha_salidal,'%d-%M-%Y %h:%i %p') as salida,e.nombre,p.tipo_proyecto,p.FE,p.TE,p.IN,p.ruteoC,p.antisolderC,p.ruteoP,p.antisolderP FROM usuario u JOIN proyecto p ON u.numero_documento=p.usuario_numero_documento LEFT JOIN estado e on p.estado_idestado=e.idestado WHERE p.eliminacion=1; 
ELSE
  IF orden!='' and nombreC='' and nombreP='' and fecha='' THEN
SELECT p.numero_orden,u.nombres,p.nombre_cliente,p.nombre_proyecto,DATE_FORMAT(p.fecha_ingreso,'%d-%M-%Y %h:%i %p') as     ingreso,p.fecha_entrega,DATE_FORMAT(p.fecha_salidal,'%d-%M-%Y %h:%i %p') as salida,e.nombre,p.tipo_proyecto,p.FE,p.TE,p.IN,p.ruteoC,p.antisolderC,p.ruteoP,p.antisolderP FROM usuario u JOIN proyecto p ON u.numero_documento=p.usuario_numero_documento LEFT JOIN estado e on p.estado_idestado=e.idestado WHERE p.numero_orden LIKE concat(orden,'%') AND p.eliminacion=1;
  ELSE 
    IF orden='' and nombreC!='' and nombreP='' and fecha='' THEN
SELECT p.numero_orden,u.nombres,p.nombre_cliente,p.nombre_proyecto,DATE_FORMAT(p.fecha_ingreso,'%d-%M-%Y %h:%i %p') as     ingreso,p.fecha_entrega,DATE_FORMAT(p.fecha_salidal,'%d-%M-%Y %h:%i %p') as salida,e.nombre,p.tipo_proyecto,p.FE,p.TE,p.IN,p.ruteoC,p.antisolderC,p.ruteoP,p.antisolderP FROM usuario u JOIN proyecto p ON u.numero_documento=p.usuario_numero_documento LEFT JOIN estado e on p.estado_idestado=e.idestado WHERE p.nombre_cliente LIKE concat(nombreC,'%') AND p.eliminacion=1;
    ELSE
      IF orden='' and nombreC='' and nombreP!='' and fecha='' THEN
SELECT p.numero_orden,u.nombres,p.nombre_cliente,p.nombre_proyecto,DATE_FORMAT(p.fecha_ingreso,'%d-%M-%Y %h:%i %p') as     ingreso,p.fecha_entrega,DATE_FORMAT(p.fecha_salidal,'%d-%M-%Y %h:%i %p') as salida,e.nombre,p.tipo_proyecto,p.FE,p.TE,p.IN,p.ruteoC,p.antisolderC,p.ruteoP,p.antisolderP FROM usuario u JOIN proyecto p ON u.numero_documento=p.usuario_numero_documento LEFT JOIN estado e on p.estado_idestado=e.idestado WHERE p.nombre_proyecto LIKE concat(nombreP,'%') AND p.eliminacion=1;
       ELSE
         IF orden!='' and nombreC!='' and nombreP='' and fecha='' THEN
SELECT p.numero_orden,u.nombres,p.nombre_cliente,p.nombre_proyecto,DATE_FORMAT(p.fecha_ingreso,'%d-%M-%Y %h:%i %p') as     ingreso,p.fecha_entrega,DATE_FORMAT(p.fecha_salidal,'%d-%M-%Y %h:%i %p') as salida,e.nombre,p.tipo_proyecto,p.FE,p.TE,p.IN,p.ruteoC,p.antisolderC,p.ruteoP,p.antisolderP FROM usuario u JOIN proyecto p ON u.numero_documento=p.usuario_numero_documento LEFT JOIN estado e on p.estado_idestado=e.idestado WHERE p.numero_orden LIKE concat(orden,'%') AND p.nombre_cliente LIKE concat(nombreC,'%') AND p.eliminacion=1;
	      ELSE
            IF orden='' and nombreC!='' and nombreP!='' and fecha='' THEN
SELECT p.numero_orden,u.nombres,p.nombre_cliente,p.nombre_proyecto,DATE_FORMAT(p.fecha_ingreso,'%d-%M-%Y %h:%i %p') as     ingreso,p.fecha_entrega,DATE_FORMAT(p.fecha_salidal,'%d-%M-%Y %h:%i %p') as salida,e.nombre,p.tipo_proyecto,p.FE,p.TE,p.IN,p.ruteoC,p.antisolderC,p.ruteoP,p.antisolderP FROM usuario u JOIN proyecto p ON u.numero_documento=p.usuario_numero_documento LEFT JOIN estado e on p.estado_idestado=e.idestado WHERE p.nombre_cliente LIKE concat(nombreC,'%') AND p.nombre_proyecto LIKE concat(nombreP,'%') AND p.eliminacion=1;
            ELSE
              IF orden!='' and nombreC='' and nombreP!='' and fecha='' THEN
SELECT p.numero_orden,u.nombres,p.nombre_cliente,p.nombre_proyecto,DATE_FORMAT(p.fecha_ingreso,'%d-%M-%Y %h:%i %p') as     ingreso,p.fecha_entrega,DATE_FORMAT(p.fecha_salidal,'%d-%M-%Y %h:%i %p') as salida,e.nombre,p.tipo_proyecto,p.FE,p.TE,p.IN,p.ruteoC,p.antisolderC,p.ruteoP,p.antisolderP FROM usuario u JOIN proyecto p ON u.numero_documento=p.usuario_numero_documento LEFT JOIN estado e on p.estado_idestado=e.idestado WHERE p.numero_orden LIKE concat(orden,'%') AND p.nombre_proyecto LIKE concat(nombreP,'%') AND p.eliminacion=1;
              ELSE
                IF orden!='' and nombreC!='' and nombreP!='' and fecha='' THEN
SELECT p.numero_orden,u.nombres,p.nombre_cliente,p.nombre_proyecto,DATE_FORMAT(p.fecha_ingreso,'%d-%M-%Y %h:%i %p') as     ingreso,p.fecha_entrega,DATE_FORMAT(p.fecha_salidal,'%d-%M-%Y %h:%i %p') as salida,e.nombre,p.tipo_proyecto,p.FE,p.TE,p.IN,p.ruteoC,p.antisolderC,p.ruteoP,p.antisolderP FROM usuario u JOIN proyecto p ON u.numero_documento=p.usuario_numero_documento LEFT JOIN estado e on p.estado_idestado=e.idestado WHERE p.numero_orden LIKE concat(orden,'%') AND p.nombre_cliente LIKE concat(nombreC,'%') AND p.nombre_proyecto LIKE concat(nombreP,'%') AND p.eliminacion=1;
                ELSE
                  IF orden='' and nombreC='' and nombreP='' and fecha!='' THEN
SELECT p.numero_orden,u.nombres,p.nombre_cliente,p.nombre_proyecto,DATE_FORMAT(p.fecha_ingreso,'%d-%M-%Y %h:%i %p') as     ingreso,p.fecha_entrega,DATE_FORMAT(p.fecha_salidal,'%d-%M-%Y %h:%i %p') as salida,e.nombre,p.tipo_proyecto,p.FE,p.TE,p.IN,p.ruteoC,p.antisolderC,p.ruteoP,p.antisolderP FROM usuario u JOIN proyecto p ON u.numero_documento=p.usuario_numero_documento LEFT JOIN estado e on p.estado_idestado=e.idestado WHERE DATE_FORMAT(p.fecha_ingreso,'%Y-%m-%d')=fecha AND p.eliminacion=1;
				  ELSE
                    IF orden!='' and nombreC='' and nombreP='' and fecha!='' THEN
SELECT p.numero_orden,u.nombres,p.nombre_cliente,p.nombre_proyecto,DATE_FORMAT(p.fecha_ingreso,'%d-%M-%Y %h:%i %p') as     ingreso,p.fecha_entrega,DATE_FORMAT(p.fecha_salidal,'%d-%M-%Y %h:%i %p') as salida,e.nombre,p.tipo_proyecto,p.FE,p.TE,p.IN,p.ruteoC,p.antisolderC,p.ruteoP,p.antisolderP FROM usuario u JOIN proyecto p ON u.numero_documento=p.usuario_numero_documento LEFT JOIN estado e on p.estado_idestado=e.idestado WHERE p.numero_orden LIKE concat(orden,'%') AND DATE_FORMAT(p.fecha_ingreso,'%Y-%m-%d')=fecha AND p.eliminacion=1;
 					ELSE
                      IF orden='' and nombreC!='' and nombreP='' and fecha!='' THEN
SELECT p.numero_orden,u.nombres,p.nombre_cliente,p.nombre_proyecto,DATE_FORMAT(p.fecha_ingreso,'%d-%M-%Y %h:%i %p') as     ingreso,p.fecha_entrega,DATE_FORMAT(p.fecha_salidal,'%d-%M-%Y %h:%i %p') as salida,e.nombre,p.tipo_proyecto,p.FE,p.TE,p.IN,p.ruteoC,p.antisolderC,p.ruteoP,p.antisolderP FROM usuario u JOIN proyecto p ON u.numero_documento=p.usuario_numero_documento LEFT JOIN estado e on p.estado_idestado=e.idestado WHERE p.nombre_cliente LIKE concat(nombreC,'%') AND DATE_FORMAT(p.fecha_ingreso,'%Y-%m-%d')=fecha AND p.eliminacion=1;                     					  ELSE
					     IF orden='' and nombreC='' and nombreP!='' and fecha!='' THEN
SELECT p.numero_orden,u.nombres,p.nombre_cliente,p.nombre_proyecto,DATE_FORMAT(p.fecha_ingreso,'%d-%M-%Y %h:%i %p') as     ingreso,p.fecha_entrega,DATE_FORMAT(p.fecha_salidal,'%d-%M-%Y %h:%i %p') as salida,e.nombre,p.tipo_proyecto,p.FE,p.TE,p.IN,p.ruteoC,p.antisolderC,p.ruteoP,p.antisolderP FROM usuario u JOIN proyecto p ON u.numero_documento=p.usuario_numero_documento LEFT JOIN estado e on p.estado_idestado=e.idestado WHERE p.nombre_proyecto LIKE concat(nombreP,'%') AND DATE_FORMAT(p.fecha_ingreso,'%Y-%m-%d')=fecha AND p.eliminacion=1;  
                          ELSE
                            IF orden!='' and nombreC!='' and nombreP='' and fecha!='' THEN
SELECT p.numero_orden,u.nombres,p.nombre_cliente,p.nombre_proyecto,DATE_FORMAT(p.fecha_ingreso,'%d-%M-%Y %h:%i %p') as     ingreso,p.fecha_entrega,DATE_FORMAT(p.fecha_salidal,'%d-%M-%Y %h:%i %p') as salida,e.nombre,p.tipo_proyecto,p.FE,p.TE,p.IN,p.ruteoC,p.antisolderC,p.ruteoP,p.antisolderP FROM usuario u JOIN proyecto p ON u.numero_documento=p.usuario_numero_documento LEFT JOIN estado e on p.estado_idestado=e.idestado WHERE p.nombre_cliente LIKE concat(nombreC,'%') AND p.numero_orden LIKE concat(orden,'%') AND DATE_FORMAT(p.fecha_ingreso,'%Y-%m-%d')=fecha AND p.eliminacion=1;  
						     ELSE
                               IF orden!='' and nombreC='' and nombreP!='' and fecha!='' THEN
SELECT p.numero_orden,u.nombres,p.nombre_cliente,p.nombre_proyecto,DATE_FORMAT(p.fecha_ingreso,'%d-%M-%Y %h:%i %p') as     ingreso,p.fecha_entrega,DATE_FORMAT(p.fecha_salidal,'%d-%M-%Y %h:%i %p') as salida,e.nombre,p.tipo_proyecto,p.FE,p.TE,p.IN,p.ruteoC,p.antisolderC,p.ruteoP,p.antisolderP FROM usuario u JOIN proyecto p ON u.numero_documento=p.usuario_numero_documento LEFT JOIN estado e on p.estado_idestado=e.idestado WHERE p.nombre_proyecto LIKE concat(nombreP,'%') AND p.numero_orden LIKE concat(orden,'%') AND DATE_FORMAT(p.fecha_ingreso,'%Y-%m-%d')=fecha AND p.eliminacion=1;  
                               ELSE
                                 IF orden='' and nombreC!='' and nombreP!='' and fecha!='' THEN
SELECT p.numero_orden,u.nombres,p.nombre_cliente,p.nombre_proyecto,DATE_FORMAT(p.fecha_ingreso,'%d-%M-%Y %h:%i %p') as     ingreso,p.fecha_entrega,DATE_FORMAT(p.fecha_salidal,'%d-%M-%Y %h:%i %p') as salida,e.nombre,p.tipo_proyecto,p.FE,p.TE,p.IN,p.ruteoC,p.antisolderC,p.ruteoP,p.antisolderP FROM usuario u JOIN proyecto p ON u.numero_documento=p.usuario_numero_documento LEFT JOIN estado e on p.estado_idestado=e.idestado WHERE p.nombre_cliente LIKE concat(nombreC,'%') AND p.nombre_proyecto LIKE concat(nombreP,'%') AND DATE_FORMAT(p.fecha_ingreso,'%Y-%m-%d')=fecha AND p.eliminacion=1;
                                 ELSE
                                   IF orden!='' and nombreC!='' and nombreP!='' and fecha!='' THEN 
SELECT p.numero_orden,u.nombres,p.nombre_cliente,p.nombre_proyecto,DATE_FORMAT(p.fecha_ingreso,'%d-%M-%Y %h:%i %p') as     ingreso,p.fecha_entrega,DATE_FORMAT(p.fecha_salidal,'%d-%M-%Y %h:%i %p') as salida,e.nombre,p.tipo_proyecto,p.FE,p.TE,p.IN,p.ruteoC,p.antisolderC,p.ruteoP,p.antisolderP FROM usuario u JOIN proyecto p ON u.numero_documento=p.usuario_numero_documento LEFT JOIN estado e on p.estado_idestado=e.idestado WHERE p.numero_orden LIKE concat(orden,'%') AND p.nombre_cliente LIKE concat(nombreC,'%') AND p.nombre_proyecto LIKE concat(nombreP,'%') AND DATE_FORMAT(p.fecha_ingreso,'%Y-%m-%d')=fecha AND p.eliminacion=1;                                   
                                   END IF;
                                 END IF;
                               END IF;
                            END IF;
                         END IF;
                      END IF;
                    END IF;
                  END IF;
                END IF;
              END IF;
            END IF;
         END IF;
      END IF; 
    END IF;
  END IF;
END IF;
END$$

CREATE DEFINER=`root`@`localhost` PROCEDURE `PA_ConsultarProyectosSalida` (IN `orden` INT, IN `nombreC` VARCHAR(45), IN `nombreP` VARCHAR(45), IN `fecha` VARCHAR(10))  NO SQL
BEGIN

IF orden='' and nombreC='' and nombreP='' and fecha='' THEN
SELECT p.numero_orden,u.nombres,p.nombre_cliente,p.nombre_proyecto,DATE_FORMAT(p.fecha_ingreso,'%d-%M-%Y %h:%i %p') as ingreso,p.fecha_entrega,DATE_FORMAT(p.fecha_salidal,'%d-%M-%Y %h:%i %p') as salida,e.nombre,p.tipo_proyecto,p.FE,p.TE,p.IN,p.ruteoC,p.antisolderC,p.ruteoP,p.antisolderP FROM usuario u JOIN proyecto p ON u.numero_documento=p.usuario_numero_documento LEFT JOIN estado e on p.estado_idestado=e.idestado WHERE p.eliminacion=1;
ELSE
  IF orden!='' and nombreC='' and nombreP='' and fecha='' THEN
SELECT p.numero_orden,u.nombres,p.nombre_cliente,p.nombre_proyecto,DATE_FORMAT(p.fecha_ingreso,'%d-%M-%Y %h:%i %p') as     ingreso,p.fecha_entrega,DATE_FORMAT(p.fecha_salidal,'%d-%M-%Y %h:%i %p') as salida,e.nombre,p.tipo_proyecto,p.FE,p.TE,p.IN,p.ruteoC,p.antisolderC,p.ruteoP,p.antisolderP FROM usuario u JOIN proyecto p ON u.numero_documento=p.usuario_numero_documento LEFT JOIN estado e on p.estado_idestado=e.idestado WHERE p.numero_orden LIKE concat(orden,'%') AND p.eliminacion=1;
  ELSE 
    IF orden='' and nombreC!='' and nombreP='' and fecha='' THEN
SELECT p.numero_orden,u.nombres,p.nombre_cliente,p.nombre_proyecto,DATE_FORMAT(p.fecha_ingreso,'%d-%M-%Y %h:%i %p') as     ingreso,p.fecha_entrega,DATE_FORMAT(p.fecha_salidal,'%d-%M-%Y %h:%i %p') as salida,e.nombre,p.tipo_proyecto,p.FE,p.TE,p.IN,p.ruteoC,p.antisolderC,p.ruteoP,p.antisolderP FROM usuario u JOIN proyecto p ON u.numero_documento=p.usuario_numero_documento LEFT JOIN estado e on p.estado_idestado=e.idestado WHERE p.nombre_cliente LIKE concat(nombreC,'%') AND p.eliminacion=1;
    ELSE
      IF orden='' and nombreC='' and nombreP!='' and fecha='' THEN
SELECT p.numero_orden,u.nombres,p.nombre_cliente,p.nombre_proyecto,DATE_FORMAT(p.fecha_ingreso,'%d-%M-%Y %h:%i %p') as     ingreso,p.fecha_entrega,DATE_FORMAT(p.fecha_salidal,'%d-%M-%Y %h:%i %p') as salida,e.nombre,p.tipo_proyecto,p.FE,p.TE,p.IN,p.ruteoC,p.antisolderC,p.ruteoP,p.antisolderP FROM usuario u JOIN proyecto p ON u.numero_documento=p.usuario_numero_documento LEFT JOIN estado e on p.estado_idestado=e.idestado WHERE p.nombre_proyecto LIKE concat(nombreP,'%') AND p.eliminacion=1;
       ELSE
         IF orden!='' and nombreC!='' and nombreP='' and fecha='' THEN
SELECT p.numero_orden,u.nombres,p.nombre_cliente,p.nombre_proyecto,DATE_FORMAT(p.fecha_ingreso,'%d-%M-%Y %h:%i %p') as     ingreso,p.fecha_entrega,DATE_FORMAT(p.fecha_salidal,'%d-%M-%Y %h:%i %p') as salida,e.nombre,p.tipo_proyecto,p.FE,p.TE,p.IN,p.ruteoC,p.antisolderC,p.ruteoP,p.antisolderP FROM usuario u JOIN proyecto p ON u.numero_documento=p.usuario_numero_documento LEFT JOIN estado e on p.estado_idestado=e.idestado WHERE p.numero_orden LIKE concat(orden,'%') AND p.nombre_cliente LIKE concat(nombreC,'%') AND p.eliminacion=1;
	      ELSE
            IF orden='' and nombreC!='' and nombreP!='' and fecha='' THEN
SELECT p.numero_orden,u.nombres,p.nombre_cliente,p.nombre_proyecto,DATE_FORMAT(p.fecha_ingreso,'%d-%M-%Y %h:%i %p') as     ingreso,p.fecha_entrega,DATE_FORMAT(p.fecha_salidal,'%d-%M-%Y %h:%i %p') as salida,e.nombre,p.tipo_proyecto,p.FE,p.TE,p.IN,p.ruteoC,p.antisolderC,p.ruteoP,p.antisolderP FROM usuario u JOIN proyecto p ON u.numero_documento=p.usuario_numero_documento LEFT JOIN estado e on p.estado_idestado=e.idestado WHERE p.nombre_cliente LIKE concat(nombreC,'%') AND p.nombre_proyecto LIKE concat(nombreP,'%') AND p.eliminacion=1;
            ELSE
              IF orden!='' and nombreC='' and nombreP!='' and fecha='' THEN
SELECT p.numero_orden,u.nombres,p.nombre_cliente,p.nombre_proyecto,DATE_FORMAT(p.fecha_ingreso,'%d-%M-%Y %h:%i %p') as     ingreso,p.fecha_entrega,DATE_FORMAT(p.fecha_salidal,'%d-%M-%Y %h:%i %p') as salida,e.nombre,p.tipo_proyecto,p.FE,p.TE,p.IN,p.ruteoC,p.antisolderC,p.ruteoP,p.antisolderP FROM usuario u JOIN proyecto p ON u.numero_documento=p.usuario_numero_documento LEFT JOIN estado e on p.estado_idestado=e.idestado WHERE p.numero_orden LIKE concat(orden,'%') AND p.nombre_proyecto LIKE concat(nombreP,'%') AND p.eliminacion=1;
              ELSE
                IF orden!='' and nombreC!='' and nombreP!='' and fecha='' THEN
SELECT p.numero_orden,u.nombres,p.nombre_cliente,p.nombre_proyecto,DATE_FORMAT(p.fecha_ingreso,'%d-%M-%Y %h:%i %p') as     ingreso,p.fecha_entrega,DATE_FORMAT(p.fecha_salidal,'%d-%M-%Y %h:%i %p') as salida,e.nombre,p.tipo_proyecto,p.FE,p.TE,p.IN,p.ruteoC,p.antisolderC,p.ruteoP,p.antisolderP FROM usuario u JOIN proyecto p ON u.numero_documento=p.usuario_numero_documento LEFT JOIN estado e on p.estado_idestado=e.idestado WHERE p.numero_orden LIKE concat(orden,'%') AND p.nombre_cliente LIKE concat(nombreC,'%') AND p.nombre_proyecto LIKE concat(nombreP,'%') AND p.eliminacion=1;
                ELSE
                  IF orden='' and nombreC='' and nombreP='' and fecha!='' THEN
SELECT p.numero_orden,u.nombres,p.nombre_cliente,p.nombre_proyecto,DATE_FORMAT(p.fecha_ingreso,'%d-%M-%Y %h:%i %p') as     ingreso,p.fecha_entrega,DATE_FORMAT(p.fecha_salidal,'%d-%M-%Y %h:%i %p') as salida,e.nombre,p.tipo_proyecto,p.FE,p.TE,p.IN,p.ruteoC,p.antisolderC,p.ruteoP,p.antisolderP FROM usuario u JOIN proyecto p ON u.numero_documento=p.usuario_numero_documento LEFT JOIN estado e on p.estado_idestado=e.idestado WHERE DATE_FORMAT(p.fecha_salidal,'%Y-%m-%d')=fecha AND p.eliminacion=1;
				  ELSE
                    IF orden!='' and nombreC='' and nombreP='' and fecha!='' THEN
SELECT p.numero_orden,u.nombres,p.nombre_cliente,p.nombre_proyecto,DATE_FORMAT(p.fecha_ingreso,'%d-%M-%Y %h:%i %p') as     ingreso,p.fecha_entrega,DATE_FORMAT(p.fecha_salidal,'%d-%M-%Y %h:%i %p') as salida,e.nombre,p.tipo_proyecto,p.FE,p.TE,p.IN,p.ruteoC,p.antisolderC,p.ruteoP,p.antisolderP FROM usuario u JOIN proyecto p ON u.numero_documento=p.usuario_numero_documento LEFT JOIN estado e on p.estado_idestado=e.idestado WHERE p.numero_orden LIKE concat(orden,'%') AND DATE_FORMAT(p.fecha_salidal,'%Y-%m-%d')=fecha AND p.eliminacion=1;
 					ELSE
                      IF orden='' and nombreC!='' and nombreP='' and fecha!='' THEN
SELECT p.numero_orden,u.nombres,p.nombre_cliente,p.nombre_proyecto,DATE_FORMAT(p.fecha_ingreso,'%d-%M-%Y %h:%i %p') as     ingreso,p.fecha_entrega,DATE_FORMAT(p.fecha_salidal,'%d-%M-%Y %h:%i %p') as salida,e.nombre,p.tipo_proyecto,p.FE,p.TE,p.IN,p.ruteoC,p.antisolderC,p.ruteoP,p.antisolderP FROM usuario u JOIN proyecto p ON u.numero_documento=p.usuario_numero_documento LEFT JOIN estado e on p.estado_idestado=e.idestado WHERE p.nombre_cliente LIKE concat(nombreC,'%') AND DATE_FORMAT(p.fecha_salidal,'%Y-%m-%d')=fecha AND p.eliminacion=1;                     					  ELSE
					     IF orden='' and nombreC='' and nombreP!='' and fecha!='' THEN
SELECT p.numero_orden,u.nombres,p.nombre_cliente,p.nombre_proyecto,DATE_FORMAT(p.fecha_ingreso,'%d-%M-%Y %h:%i %p') as     ingreso,p.fecha_entrega,DATE_FORMAT(p.fecha_salidal,'%d-%M-%Y %h:%i %p') as salida,e.nombre,p.tipo_proyecto,p.FE,p.TE,p.IN,p.ruteoC,p.antisolderC,p.ruteoP,p.antisolderP FROM usuario u JOIN proyecto p ON u.numero_documento=p.usuario_numero_documento LEFT JOIN estado e on p.estado_idestado=e.idestado WHERE p.nombre_proyecto LIKE concat(nombreP,'%') AND DATE_FORMAT(p.fecha_salidal,'%Y-%m-%d')=fecha AND p.eliminacion=1;  
                          ELSE
                            IF orden!='' and nombreC!='' and nombreP='' and fecha!='' THEN
SELECT p.numero_orden,u.nombres,p.nombre_cliente,p.nombre_proyecto,DATE_FORMAT(p.fecha_ingreso,'%d-%M-%Y %h:%i %p') as     ingreso,p.fecha_entrega,DATE_FORMAT(p.fecha_salidal,'%d-%M-%Y %h:%i %p') as salida,e.nombre,p.tipo_proyecto,p.FE,p.TE,p.IN,p.ruteoC,p.antisolderC,p.ruteoP,p.antisolderP FROM usuario u JOIN proyecto p ON u.numero_documento=p.usuario_numero_documento LEFT JOIN estado e on p.estado_idestado=e.idestado WHERE p.nombre_cliente LIKE concat(nombreC,'%') AND p.numero_orden LIKE concat(orden,'%') AND DATE_FORMAT(p.fecha_salidal,'%Y-%m-%d')=fecha AND p.eliminacion=1;  
						     ELSE
                               IF orden!='' and nombreC='' and nombreP!='' and fecha!='' THEN
SELECT p.numero_orden,u.nombres,p.nombre_cliente,p.nombre_proyecto,DATE_FORMAT(p.fecha_ingreso,'%d-%M-%Y %h:%i %p') as     ingreso,p.fecha_entrega,DATE_FORMAT(p.fecha_salidal,'%d-%M-%Y %h:%i %p') as salida,e.nombre,p.tipo_proyecto,p.FE,p.TE,p.IN,p.ruteoC,p.antisolderC,p.ruteoP,p.antisolderP FROM usuario u JOIN proyecto p ON u.numero_documento=p.usuario_numero_documento LEFT JOIN estado e on p.estado_idestado=e.idestado WHERE p.nombre_proyecto LIKE concat(nombreP,'%') AND p.numero_orden LIKE concat(orden,'%') AND DATE_FORMAT(p.fecha_salidal,'%Y-%m-%d')=fecha AND p.eliminacion=1;  
                               ELSE
                                 IF orden='' and nombreC!='' and nombreP!='' and fecha!='' THEN
SELECT p.numero_orden,u.nombres,p.nombre_cliente,p.nombre_proyecto,DATE_FORMAT(p.fecha_ingreso,'%d-%M-%Y %h:%i %p') as     ingreso,p.fecha_entrega,DATE_FORMAT(p.fecha_salidal,'%d-%M-%Y %h:%i %p') as salida,e.nombre,p.tipo_proyecto,p.FE,p.TE,p.IN,p.ruteoC,p.antisolderC,p.ruteoP,p.antisolderP FROM usuario u JOIN proyecto p ON u.numero_documento=p.usuario_numero_documento LEFT JOIN estado e on p.estado_idestado=e.idestado WHERE p.nombre_cliente LIKE concat(nombreC,'%') AND p.nombre_proyecto LIKE concat(nombreP,'%') AND DATE_FORMAT(p.fecha_salidal,'%Y-%m-%d')=fecha AND p.eliminacion=1;
                                 ELSE
                                   IF orden!='' and nombreC!='' and nombreP!='' and fecha!='' THEN 
SELECT p.numero_orden,u.nombres,p.nombre_cliente,p.nombre_proyecto,DATE_FORMAT(p.fecha_ingreso,'%d-%M-%Y %h:%i %p') as     ingreso,p.fecha_entrega,DATE_FORMAT(p.fecha_salidal,'%d-%M-%Y %h:%i %p') as salida,e.nombre,p.tipo_proyecto,p.FE,p.TE,p.IN,p.ruteoC,p.antisolderC,p.ruteoP,p.antisolderP FROM usuario u JOIN proyecto p ON u.numero_documento=p.usuario_numero_documento LEFT JOIN estado e on p.estado_idestado=e.idestado WHERE p.numero_orden LIKE concat(orden,'%') AND p.nombre_cliente LIKE concat(nombreC,'%') AND p.nombre_proyecto LIKE concat(nombreP,'%') AND DATE_FORMAT(p.fecha_salidal,'%Y-%m-%d')=fecha AND p.eliminacion=1;                                   
                                   END IF;
                                 END IF;
                               END IF;
                            END IF;
                         END IF;
                      END IF;
                    END IF;
                  END IF;
                END IF;
              END IF;
            END IF;
         END IF;
      END IF; 
    END IF;
  END IF;
END IF;
END$$

CREATE DEFINER=`root`@`localhost` PROCEDURE `PA_ConsultarUsuarios` (IN `doc` VARCHAR(13), IN `nombreApe` VARCHAR(50), IN `cargo` TINYINT)  NO SQL
IF doc='' AND nombreApe='' and cargo=0 THEN
SELECT u.numero_documento,u.tipo_documento,u.nombres,u.apellidos,c.nombre,u.imagen,u.estado,u.recuperacion FROM usuario u INNER JOIN cargo c on u.cargo_idcargo=c.idcargo;
ELSE
  IF doc!='' AND nombreApe='' and cargo=0 THEN
	SELECT u.numero_documento,u.tipo_documento,u.nombres,u.apellidos,c.nombre,u.imagen,u.estado,u.recuperacion FROM usuario u INNER JOIN cargo c on u.cargo_idcargo=c.idcargo WHERE u.numero_documento LIKE CONCAT(doc, '%');
 ELSE
     IF doc='' AND nombreApe!='' and cargo=0 THEN 
	  SELECT u.numero_documento,u.tipo_documento,u.nombres,u.apellidos,c.nombre,u.imagen,u.estado,u.recuperacion FROM usuario u INNER JOIN cargo c on u.cargo_idcargo=c.idcargo WHERE u.nombres like CONCAT('%', nombreApe, '%') or u.apellidos like CONCAT('%', nombreApe, '%');
     ELSE
        IF doc='' AND nombreApe='' and cargo!=0 THEN
        	  SELECT u.numero_documento,u.tipo_documento,u.nombres,u.apellidos,c.nombre,u.imagen,u.estado,u.recuperacion FROM usuario u INNER JOIN cargo c on u.cargo_idcargo=c.idcargo WHERE u.cargo_idcargo =cargo;
        ELSE
            IF doc='' AND nombreApe!='' and cargo!=0 THEN
            	  SELECT u.numero_documento,u.tipo_documento,u.nombres,u.apellidos,c.nombre,u.imagen,u.estado,u.recuperacion FROM usuario u INNER JOIN cargo c on u.cargo_idcargo=c.idcargo WHERE u.cargo_idcargo =cargo AND u.nombres like CONCAT('%', nombreApe, '%') or u.apellidos like CONCAT('%', nombreApe, '%');
             ELSE
              IF doc!='' AND nombreApe!='' and cargo!=0 THEN
                          	  SELECT u.numero_documento,u.tipo_documento,u.nombres,u.apellidos,c.nombre,u.imagen,u.estado,u.recuperacion FROM usuario u INNER JOIN cargo c on u.cargo_idcargo=c.idcargo WHERE u.cargo_idcargo =cargo AND u.numero_documento LIKE CONCAT(doc, '%') AND (u.nombres like CONCAT('%', nombreApe, '%') or u.apellidos like CONCAT('%', nombreApe, '%'));         ELSE
                  IF doc!='' AND nombreApe='' and cargo!=0 THEN
                                        	  SELECT u.numero_documento,u.tipo_documento,u.nombres,u.apellidos,c.nombre,u.imagen,u.estado,u.recuperacion FROM usuario u INNER JOIN cargo c on u.cargo_idcargo=c.idcargo WHERE u.cargo_idcargo =cargo AND u.numero_documento LIKE CONCAT(doc, '%');
                    ELSE
                    IF doc!='' AND nombreApe!='' and cargo=0 THEN
                     SELECT u.numero_documento,u.tipo_documento,u.nombres,u.apellidos,c.nombre,u.imagen,u.estado,u.recuperacion FROM usuario u INNER JOIN cargo c on u.cargo_idcargo=c.idcargo WHERE u.numero_documento LIKE CONCAT(doc, '%') AND u.nombres like CONCAT('%', nombreApe, '%') or u.apellidos like CONCAT('%', nombreApe, '%');
                    END IF;
                  END IF;
              END IF;
            END IF;
        END IF;
    END IF;
  END IF;
END IF$$

CREATE DEFINER=`root`@`localhost` PROCEDURE `PA_DetalleDelDetalleDelproyecto` (IN `detalle` INT, IN `negocio` INT)  NO SQL
BEGIN

IF negocio=1 THEN
SELECT p.nombre_proceso,Date_Format(f.fecha_inicio,'%d-%M-%Y') as inicio,Date_format(f.fecha_fin,'%d-%M-%Y') as fin,f.cantidad_terminada,f.tiempo_total_por_proceso,f.tiempo_por_unidad,e.nombre as estado,TIME_FORMAT(f.hora_ejecucion,'%r'),TIME_FORMAT(TIMEDIFF(CURRENT_TIME,f.hora_ejecucion),'%H:%i:%s') as tiempoActual,TIME_FORMAT(f.hora_terminacion,'%r') as "hora terminacion",TIME_FORMAT(TIMEDIFF(TIME_FORMAT(f.hora_terminacion,'%H:%i:%s'),TIME_FORMAT(f.hora_ejecucion,'%H:%i:%s')),'%H:%i:%s') as InicioTerminadoIntervalo,f.idDetalle_formato_estandar FROM detalle_formato_estandar f JOIN procesos p on f.Procesos_idproceso=p.idproceso JOIN estado e on f.estado_idestado=e.idestado where f.detalle_proyecto_idDetalle_proyecto=detalle ORDER BY f.Procesos_idproceso ASC;
ELSE
  IF negocio=2 THEN
  SELECT p.nombre_proceso,Date_Format(f.fecha_inicio,'%d-%M-%Y'),Date_format(f.fecha_fin,'%d-%M-%Y'),f.cantidad_terminada,f.tiempo_total_proceso,f.tiempo_por_unidad,e.nombre,TIME_FORMAT(f.hora_ejecucion,'%r'),TIME_FORMAT(TIMEDIFF(CURRENT_TIME,f.hora_ejecucion),'%H:%i:%s'),TIME_FORMAT(f.hora_terminacion,'%r'),TIME_FORMAT(TIMEDIFF(f.hora_terminacion,f.hora_ejecucion),'%H:%i:%s'),f.idDetalle_teclados FROM detalle_teclados f JOIN procesos p on f.Procesos_idproceso=p.idproceso JOIN estado e on f.estado_idestado=e.idestado where f.detalle_proyecto_idDetalle_proyecto=detalle ORDER BY f.Procesos_idproceso ASC;
  ELSE
   IF negocio=3 THEN
SELECT p.nombre_proceso,Date_Format(f.fecha_inicio,'%d-%M-%Y'),Date_format(f.fecha_fin,'%d-%M-%Y'),f.cantidad_terminada,f.tiempo_total_por_proceso,f.tiempo_por_unidad,e.nombre,TIME_FORMAT(f.hora_ejecucion,'%r'),TIME_FORMAT(TIMEDIFF(CURRENT_TIME,f.hora_ejecucion),'%H:%i:%s'),TIME_FORMAT(f.hora_terminacion,'%r'),TIME_FORMAT(TIMEDIFF(f.hora_terminacion,f.hora_ejecucion),'%H:%i:%s'),f.idDetalle_ensamble FROM detalle_ensamble f JOIN procesos p on f.Procesos_idproceso=p.idproceso JOIN estado e on f.estado_idestado=e.idestado where f.detalle_proyecto_idDetalle_proyecto=detalle ORDER BY f.Procesos_idproceso ASC;
   END IF;
  END IF;
END IF;
END$$

CREATE DEFINER=`root`@`localhost` PROCEDURE `PA_DetalleDeProduccionProyectosActivos` (IN `orden` INT, IN `negocio` INT, IN `pnc` INT)  NO SQL
BEGIN

SELECT d.idDetalle_proyecto,t.nombre,d.estado_idestado,d.negocio_idnegocio  FROM detalle_proyecto d JOIN tipo_negocio t on d.tipo_negocio_idtipo_negocio=t.idtipo_negocio WHERE d.proyecto_numero_orden=orden and d.negocio_idnegocio=negocio AND d.PNC=pnc AND d.estado_idestado=4;

END$$

CREATE DEFINER=`root`@`localhost` PROCEDURE `PA_DetalleProyectosProduccion` (IN `orden` INT, IN `negocio` INT, IN `pnc` INT)  NO SQL
BEGIN
IF negocio >=1 AND negocio <=3 THEN
#buscar por 치rea de producci칩nSELECT d.idDetalle_proyecto,t.nombre,d.estado_idestado,d.negocio_idnegocio  FROM detalle_proyecto d JOIN tipo_negocio t on d.tipo_negocio_idtipo_negocio=t.idtipo_negocio WHERE d.proyecto_numero_orden=orden and d.negocio_idnegocio=negocio AND d.PNC=pnc;

ELSE
#Busca todos los detalle del proyecto independientemente el 치rea de produccio칩.SELECT d.idDetalle_proyecto,t.nombre,d.estado_idestado,d.negocio_idnegocio  FROM detalle_proyecto d JOIN tipo_negocio t on d.tipo_negocio_idtipo_negocio=t.idtipo_negocio WHERE d.proyecto_numero_orden=orden AND d.PNC=pnc;

END IF;
END$$

CREATE DEFINER=`root`@`localhost` PROCEDURE `PA_DetallesparaValidarEstado` (IN `orden` INT)  NO SQL
BEGIN

SELECT dp.idDetalle_proyecto,dp.negocio_idnegocio FROM detalle_proyecto dp WHERE dp.proyecto_numero_orden=orden; 

#AND dp.negocio_idnegocio=negocio;END$$

CREATE DEFINER=`root`@`localhost` PROCEDURE `PA_DiagramaFETEEN` (IN `op` INT)  NO SQL
BEGIN

IF op=1 THEN

SELECT df.Procesos_idproceso,COUNT(*),df.estado_idestado FROM detalle_formato_estandar df JOIN detalle_proyecto dp ON df.detalle_proyecto_idDetalle_proyecto=dp.idDetalle_proyecto JOIN proyecto p ON dp.proyecto_numero_orden=p.numero_orden WHERE df.estado_idestado!=3 AND p.eliminacion=1 GROUP BY df.Procesos_idproceso,df.estado_idestado ORDER BY df.Procesos_idproceso ASC;

ELSE
IF op=2 THEN
SELECT dt.Procesos_idproceso,COUNT(*),dt.estado_idestado FROM detalle_teclados dt JOIN detalle_proyecto dp ON dt.detalle_proyecto_idDetalle_proyecto=dp.idDetalle_proyecto JOIN proyecto p ON dp.proyecto_numero_orden=p.numero_orden WHERE dt.estado_idestado!=3 AND p.eliminacion=1 GROUP BY dt.Procesos_idproceso,dt.estado_idestado ORDER BY dt.Procesos_idproceso ASC;

END IF;
SELECT de.Procesos_idproceso,COUNT(*),de.estado_idestado FROM detalle_ensamble de JOIN detalle_proyecto dp ON de.detalle_proyecto_idDetalle_proyecto=dp.idDetalle_proyecto JOIN proyecto p ON dp.proyecto_numero_orden=p.numero_orden WHERE de.estado_idestado!=3 AND p.eliminacion=1 GROUP BY de.Procesos_idproceso,de.estado_idestado ORDER BY de.Procesos_idproceso ASC;

END IF;

END$$

CREATE DEFINER=`root`@`localhost` PROCEDURE `PA_Diagramas` (IN `inicio` VARCHAR(11), IN `fin` VARCHAR(11))  NO SQL
BEGIN

IF inicio='' AND fin='' THEN
#Se consultara todos los proyectos independientemente de la fecha.SELECT COUNT(*),d.negocio_idnegocio FROM detalle_proyecto d JOIN proyecto p ON d.proyecto_numero_orden=p.numero_orden WHERE p.eliminacion=1 GROUP BY d.negocio_idnegocio;
ELSE
 IF inicio!='' AND fin='' THEN
 #Se consulta solo los que se ingresaron ese d칤a. SELECT COUNT(*),d.negocio_idnegocio FROM detalle_proyecto d JOIN proyecto p ON d.proyecto_numero_orden=p.numero_orden WHERE p.eliminacion=1 AND DATE_FORMAT(p.fecha_ingreso,'%d-%M-%Y')= DATE_FORMAT(inicio,'%d-%M-%Y') GROUP BY d.negocio_idnegocio;
 ELSE
  IF inicio!='' AND fin!='' THEN
  SELECT COUNT(*),d.negocio_idnegocio FROM detalle_proyecto d JOIN proyecto p ON d.proyecto_numero_orden=p.numero_orden WHERE p.eliminacion=1 AND DATE_FORMAT(p.fecha_ingreso,'%d-%M-%Y') BETWEEN DATE_FORMAT(inicio,'%d-%M-%Y') AND DATE_FORMAT(fin,'%d-%M-%Y')  GROUP BY d.negocio_idnegocio; 
  END IF;
 END IF;
END IF;

END$$

CREATE DEFINER=`root`@`localhost` PROCEDURE `PA_EliminarCambiarEstadoProyecto` (IN `orden` INT)  NO SQL
BEGIN
#Estado 1 es activado y estado 0 es desactivado#No se pueden eliminar los proyectos de la base de datos.UPDATE proyecto p SET p.eliminacion=0 WHERE p.numero_orden=orden;

END$$

CREATE DEFINER=`root`@`localhost` PROCEDURE `PA_EliminarProductosNoConformes` (IN `orden` INT, IN `tipo` INT, IN `negocio` INT)  NO SQL
BEGIN

SELECT d.idDetalle_proyecto FROM detalle_proyecto d WHERE d.proyecto_numero_orden=orden AND d.tipo_negocio_idtipo_negocio=tipo AND d.negocio_idnegocio=negocio;

END$$

CREATE DEFINER=`root`@`localhost` PROCEDURE `PA_FechaServidor` ()  NO SQL
SELECT DATE_FORMAT(CURDATE(),'%d-%M-%Y')$$

CREATE DEFINER=`root`@`localhost` PROCEDURE `PA_InformacionDeTodaElAreaDeProduccion` ()  NO SQL
BEGIN
DECLARE cantidadP int;
SET cantidadP=(SELECT COUNT(numero_orden) FROM proyecto p WHERE p.eliminacion=1);

SELECT  DATE_FORMAT(CURDATE(),'%d-%M-%Y') as fecha,COUNT(*) as cantidad,cantidadP,d.negocio_idnegocio FROM detalle_proyecto d RIGHT JOIN proyecto p on d.proyecto_numero_orden=p.numero_orden WHERE d.PNC=0 AND p.eliminacion=1 GROUP BY d.negocio_idnegocio ORDER BY d.negocio_idnegocio ASC;

END$$

CREATE DEFINER=`root`@`localhost` PROCEDURE `PA_InformacionFiltrariaDetalleProyecto` (IN `iddetalle` INT)  NO SQL
BEGIN

SELECT p.nombre_cliente,p.nombre_proyecto,DATE_FORMAT(p.fecha_ingreso,'%d-%M-%Y') as fechaIngreso,DATE_FORMAT(p.fecha_entrega,'%d-%M-%Y')AS fechaEntrega,dp.canitadad_total,dp.tiempo_total FROM proyecto p JOIN detalle_proyecto dp ON p.numero_orden=dp.proyecto_numero_orden WHERE dp.idDetalle_proyecto=iddetalle;

END$$

CREATE DEFINER=`root`@`localhost` PROCEDURE `PA_InformacionProyectosProduccion` (IN `negocio` INT, IN `orden` INT, IN `clien` VARCHAR(40), IN `proyecto` VARCHAR(40), IN `tipo` VARCHAR(6))  NO SQL
BEGIN

IF orden=0 AND clien='' AND proyecto='' AND tipo='' THEN
  SELECT DISTINCT(d.proyecto_numero_orden),p.estado_idestado,p.tipo_proyecto FROM detalle_proyecto d RIGHT join proyecto p ON p.numero_orden=d.proyecto_numero_orden where ((p.fecha_salidal is null or p.fecha_salidal is not null) and (DATEDIFF(CURRENT_DATE,p.fecha_salidal)<=0 or DATEDIFF(CURRENT_DATE,p.fecha_salidal)is null) and d.negocio_idnegocio=negocio) and p.eliminacion=1;
ELSE
 IF orden!=0 AND clien='' AND proyecto='' AND tipo='' THEN
 	 SELECT DISTINCT(d.proyecto_numero_orden),p.estado_idestado,p.tipo_proyecto FROM detalle_proyecto d RIGHT join proyecto p ON p.numero_orden=d.proyecto_numero_orden where ((p.fecha_salidal is null or p.fecha_salidal is not null) and (DATEDIFF(CURRENT_DATE,p.fecha_salidal)<=0 or DATEDIFF(CURRENT_DATE,p.fecha_salidal)is null) and d.negocio_idnegocio=negocio) AND d.proyecto_numero_orden LIKE CONCAT(orden,'%') and p.eliminacion=1;
 ELSE
  IF orden=0 AND clien!='' AND proyecto='' AND tipo='' THEN
SELECT DISTINCT(d.proyecto_numero_orden),p.estado_idestado,p.tipo_proyecto FROM detalle_proyecto d RIGHT JOIN proyecto p on d.proyecto_numero_orden=p.numero_orden where  ((p.fecha_salidal is null or p.fecha_salidal is not null) and (DATEDIFF(CURRENT_DATE,p.fecha_salidal)<=0 or DATEDIFF(CURRENT_DATE,p.fecha_salidal)is null) and d.negocio_idnegocio=negocio) and p.nombre_cliente LIKE CONCAT('%',clien,'%') and p.eliminacion=1;
  ELSE
   IF orden=0 AND clien='' AND proyecto!='' AND tipo='' THEN
   	  SELECT DISTINCT(d.proyecto_numero_orden),p.estado_idestado,p.tipo_proyecto FROM detalle_proyecto d RIGHT JOIN proyecto p on d.proyecto_numero_orden=p.numero_orden where ((p.fecha_salidal is null or p.fecha_salidal is not null) and (DATEDIFF(CURRENT_DATE,p.fecha_salidal)<=0 or DATEDIFF(CURRENT_DATE,p.fecha_salidal)is null) and d.negocio_idnegocio=negocio) AND p.nombre_proyecto LIKE CONCAT(proyecto,'%') and p.eliminacion=1;
   ELSE
    IF orden=0 AND clien='' AND proyecto='' AND tipo!='' THEN
       SELECT DISTINCT(d.proyecto_numero_orden),p.estado_idestado,p.tipo_proyecto FROM detalle_proyecto d RIGHT JOIN proyecto p on d.proyecto_numero_orden=p.numero_orden where ((p.fecha_salidal is null or p.fecha_salidal is not null) and (DATEDIFF(CURRENT_DATE,p.fecha_salidal)<=0 or DATEDIFF(CURRENT_DATE,p.fecha_salidal)is null) and d.negocio_idnegocio=negocio) AND p.tipo_proyecto=tipo and p.eliminacion=1;
    ELSE
     IF orden!=0 AND clien!='' AND proyecto='' AND tipo='' THEN
        SELECT DISTINCT(d.proyecto_numero_orden),p.estado_idestado,p.tipo_proyecto FROM detalle_proyecto d RIGHT JOIN proyecto p on d.proyecto_numero_orden=p.numero_orden where ((p.fecha_salidal is null or p.fecha_salidal is not null) and (DATEDIFF(CURRENT_DATE,p.fecha_salidal)<=0 or DATEDIFF(CURRENT_DATE,p.fecha_salidal)is null) and d.negocio_idnegocio=negocio) AND d.proyecto_numero_orden LIKE CONCAT(orden,'%') AND p.nombre_cliente LIKE CONCAT('%',clien,'%') AND p.eliminacion=1;
     ELSE 
      IF orden!=0 AND clien='' AND proyecto!='' AND tipo='' THEN
        SELECT DISTINCT(d.proyecto_numero_orden),p.estado_idestado,p.tipo_proyecto FROM detalle_proyecto d RIGHT JOIN proyecto p on d.proyecto_numero_orden=p.numero_orden where ((p.fecha_salidal is null or p.fecha_salidal is not null) and (DATEDIFF(CURRENT_DATE,p.fecha_salidal)<=0 or DATEDIFF(CURRENT_DATE,p.fecha_salidal)is null) and d.negocio_idnegocio=negocio) AND d.proyecto_numero_orden LIKE CONCAT(orden,'%') AND p.nombre_proyecto LIKE CONCAT(proyecto,'%') and p.eliminacion=1;
      ELSE
       IF orden!=0 AND clien='' AND proyecto='' AND tipo!='' THEN
       	 SELECT DISTINCT(d.proyecto_numero_orden),p.estado_idestado,p.tipo_proyecto FROM detalle_proyecto d RIGHT JOIN proyecto p on d.proyecto_numero_orden=p.numero_orden where ((p.fecha_salidal is null or p.fecha_salidal is not null) and (DATEDIFF(CURRENT_DATE,p.fecha_salidal)<=0 or DATEDIFF(CURRENT_DATE,p.fecha_salidal)is null) and d.negocio_idnegocio=negocio) AND d.proyecto_numero_orden LIKE CONCAT(orden,'%') AND p.tipo_proyecto=tipo and p.eliminacion=1;
       ELSE
        IF orden=0 AND clien!='' AND proyecto!='' AND tipo='' THEN
          SELECT DISTINCT(d.proyecto_numero_orden),p.estado_idestado,p.tipo_proyecto FROM detalle_proyecto d RIGHT JOIN proyecto p on d.proyecto_numero_orden=p.numero_orden where ((p.fecha_salidal is null or p.fecha_salidal is not null) and (DATEDIFF(CURRENT_DATE,p.fecha_salidal)<=0 or DATEDIFF(CURRENT_DATE,p.fecha_salidal)is null) and d.negocio_idnegocio=negocio) AND p.nombre_cliente LIKE      CONCAT('%',clien,'%') AND p.nombre_proyecto LIKE CONCAT(proyecto,'%') and p.eliminacion=1;
        ELSE
         IF orden=0 AND clien!='' AND proyecto='' AND tipo!='' THEN
           SELECT DISTINCT(d.proyecto_numero_orden),p.estado_idestado,p.tipo_proyecto FROM detalle_proyecto d RIGHT JOIN proyecto p on d.proyecto_numero_orden=p.numero_orden where ((p.fecha_salidal is null or p.fecha_salidal is not null) and (DATEDIFF(CURRENT_DATE,p.fecha_salidal)<=0 or DATEDIFF(CURRENT_DATE,p.fecha_salidal)is null) and d.negocio_idnegocio=negocio) AND p.nombre_cliente LIKE      CONCAT('%',clien,'%') AND p.tipo_proyecto=tipo and p.eliminacion=1;
         ELSE
          IF orden=0 AND clien='' AND proyecto!='' AND tipo!='' THEN
            SELECT DISTINCT(d.proyecto_numero_orden),p.estado_idestado,p.tipo_proyecto FROM detalle_proyecto d RIGHT JOIN proyecto p on d.proyecto_numero_orden=p.numero_orden where ((p.fecha_salidal is null or p.fecha_salidal is not null) and (DATEDIFF(CURRENT_DATE,p.fecha_salidal)<=0 or DATEDIFF(CURRENT_DATE,p.fecha_salidal)is null) and d.negocio_idnegocio=negocio) AND p.nombre_proyecto LIKE    CONCAT(proyecto,'%') AND p.tipo_proyecto=tipo AND p.eliminacion=1;
          ELSE
           IF orden!=0 AND clien!='' AND proyecto!='' AND tipo='' THEN
           SELECT DISTINCT(d.proyecto_numero_orden),p.estado_idestado,p.tipo_proyecto FROM detalle_proyecto d RIGHT JOIN proyecto p on d.proyecto_numero_orden=p.numero_orden where ((p.fecha_salidal is null or p.fecha_salidal is not null) and (DATEDIFF(CURRENT_DATE,p.fecha_salidal)<=0 or DATEDIFF(CURRENT_DATE,p.fecha_salidal)is null) and d.negocio_idnegocio=negocio) AND d.proyecto_numero_orden LIKE CONCAT(orden,'%') AND p.nombre_proyecto LIKE CONCAT(proyecto,'%') AND p.nombre_cliente LIKE CONCAT('%',clien,'%') AND p.eliminacion=1;
           ELSE
            IF orden=0 AND clien!='' AND proyecto!='' AND tipo!='' THEN
             SELECT DISTINCT(d.proyecto_numero_orden),p.estado_idestado,p.tipo_proyecto FROM detalle_proyecto d RIGHT JOIN proyecto p on d.proyecto_numero_orden=p.numero_orden where ((p.fecha_salidal is null or p.fecha_salidal is not null) and (DATEDIFF(CURRENT_DATE,p.fecha_salidal)<=0 or DATEDIFF(CURRENT_DATE,p.fecha_salidal)is null) and d.negocio_idnegocio=negocio) AND p.tipo_proyecto=tipo AND p.nombre_proyecto LIKE CONCAT(proyecto,'%') AND p.nombre_cliente LIKE CONCAT('%',clien,'%') and p.eliminacion=1;
            ELSE
             IF orden!=0 AND clien='' AND proyecto!='' AND tipo!='' THEN
           SELECT DISTINCT(d.proyecto_numero_orden),p.estado_idestado,p.tipo_proyecto FROM detalle_proyecto d RIGHT JOIN proyecto p on d.proyecto_numero_orden=p.numero_orden where ((p.fecha_salidal is null or p.fecha_salidal is not null) and (DATEDIFF(CURRENT_DATE,p.fecha_salidal)<=0 or DATEDIFF(CURRENT_DATE,p.fecha_salidal)is null) and d.negocio_idnegocio=negocio) AND d.proyecto_numero_orden LIKE CONCAT(orden,'%') AND p.nombre_proyecto LIKE CONCAT(proyecto,'%') AND p.tipo_proyecto=tipo AND p.eliminacion=1;
             ELSE
              IF orden!=0 AND clien!='' AND proyecto='' AND tipo!='' THEN
           SELECT DISTINCT(d.proyecto_numero_orden),p.estado_idestado,p.tipo_proyecto FROM detalle_proyecto d RIGHT JOIN proyecto p on 
d.proyecto_numero_orden=p.numero_orden where ((p.fecha_salidal is null or p.fecha_salidal is not null) and (DATEDIFF(CURRENT_DATE,p.fecha_salidal)<=0 or DATEDIFF(CURRENT_DATE,p.fecha_salidal)is null) and d.negocio_idnegocio=negocio) AND d.proyecto_numero_orden LIKE CONCAT(orden,'%') AND p.nombre_cliente LIKE 
CONCAT('%',clien,'%') AND p.tipo_proyecto=tipo AND p.eliminacion=1;
              ELSE
               IF orden!=0 AND clien!='' AND proyecto!='' AND tipo!='' THEN
           SELECT DISTINCT(d.proyecto_numero_orden),p.estado_idestado,p.tipo_proyecto FROM detalle_proyecto d RIGHT JOIN proyecto p on 
d.proyecto_numero_orden=p.numero_orden where ((p.fecha_salidal is null or p.fecha_salidal is not null) and (DATEDIFF(CURRENT_DATE,p.fecha_salidal)<=0 or DATEDIFF(CURRENT_DATE,p.fecha_salidal)is null) and d.negocio_idnegocio=negocio) AND d.proyecto_numero_orden LIKE CONCAT(orden,'%') AND p.nombre_cliente LIKE 
CONCAT('%',clien,'%') AND p.nombre_cliente LIKE CONCAT(proyecto,'%') AND p.tipo_proyecto=tipo AND                             p.eliminacion=1;
               END IF;
              END IF;
             END IF;
            END IF; 
           END IF;
          END IF; 
         END IF; 
        END IF;
       END IF;
      END IF;
     END IF;
    END IF;
   END IF;
  END IF;
 END IF;
END IF;

END$$

CREATE DEFINER=`root`@`localhost` PROCEDURE `PA_InformacionQR` (IN `orden` INT)  NO SQL
BEGIN
SELECT d.idDetalle_proyecto,d.tipo_negocio_idtipo_negocio,d.negocio_idnegocio from detalle_proyecto d JOIN tipo_negocio t ON d.tipo_negocio_idtipo_negocio=t.idtipo_negocio where d.proyecto_numero_orden=orden and d.PNC=0;
END$$

CREATE DEFINER=`root`@`localhost` PROCEDURE `PA_InformeDeProduccionEN` (IN `orden` INT)  NO SQL
BEGIN

IF orden=0 THEN
#consulta todosSELECT dp.proyecto_numero_orden,n.nom_negocio,tn.nombre,MAX(de.Procesos_idproceso) AS proceso,DATEDIFF(p.fecha_entrega,CURRENT_DATE) AS dias,dp.estado_idestado FROM proyecto p JOIN detalle_proyecto dp ON p.numero_orden=dp.proyecto_numero_orden JOIN detalle_ensamble de ON dp.idDetalle_proyecto=de.detalle_proyecto_idDetalle_proyecto JOIN negocio n ON dp.negocio_idnegocio=n.idnegocio JOIN tipo_negocio tn ON dp.tipo_negocio_idtipo_negocio=tn.idtipo_negocio WHERE dp.PNC=0 AND p.estado_idestado!=3 AND p.eliminacion=1 AND de.estado_idestado!=1 GROUP BY dp.proyecto_numero_orden, dp.tipo_negocio_idtipo_negocio;

ELSE
#Consulta por la ordenSELECT dp.proyecto_numero_orden,n.nom_negocio,tn.nombre,MAX(de.Procesos_idproceso) AS proceso,DATEDIFF(p.fecha_entrega,CURRENT_DATE) AS dias,dp.estado_idestado FROM proyecto p JOIN detalle_proyecto dp ON p.numero_orden=dp.proyecto_numero_orden JOIN detalle_ensamble de ON dp.idDetalle_proyecto=de.detalle_proyecto_idDetalle_proyecto JOIN negocio n ON dp.negocio_idnegocio=n.idnegocio JOIN tipo_negocio tn ON dp.tipo_negocio_idtipo_negocio=tn.idtipo_negocio WHERE dp.proyecto_numero_orden LIKE CONCAT(orden,'%') AND dp.PNC=0 AND p.estado_idestado!=3 AND p.eliminacion=1 AND de.estado_idestado!=1 GROUP BY dp.proyecto_numero_orden, dp.tipo_negocio_idtipo_negocio;

END IF;

END$$

CREATE DEFINER=`root`@`localhost` PROCEDURE `PA_InformeDeProduccionFE` (IN `orden` INT)  NO SQL
BEGIN


IF orden= 0 THEN
#Consulta todosSELECT dp.proyecto_numero_orden,n.nom_negocio,tn.nombre,MAX(df.Procesos_idproceso) AS proceso,DATEDIFF(p.fecha_entrega,CURRENT_DATE) AS dias,dp.estado_idestado FROM proyecto p JOIN detalle_proyecto dp ON p.numero_orden=dp.proyecto_numero_orden JOIN detalle_formato_estandar df ON dp.idDetalle_proyecto=df.detalle_proyecto_idDetalle_proyecto JOIN negocio n ON dp.negocio_idnegocio=n.idnegocio JOIN tipo_negocio tn ON dp.tipo_negocio_idtipo_negocio=tn.idtipo_negocio WHERE dp.PNC=0 AND p.estado_idestado!=3 AND p.eliminacion=1 AND df.estado_idestado!=1 GROUP BY dp.proyecto_numero_orden, dp.tipo_negocio_idtipo_negocio;

ELSE
#Consulta por la ordenSELECT dp.proyecto_numero_orden,n.nom_negocio,tn.nombre,MAX(df.Procesos_idproceso) AS proceso,DATEDIFF(p.fecha_entrega,CURRENT_DATE) AS dias,dp.estado_idestado FROM proyecto p JOIN detalle_proyecto dp ON p.numero_orden=dp.proyecto_numero_orden JOIN detalle_formato_estandar df ON dp.idDetalle_proyecto=df.detalle_proyecto_idDetalle_proyecto JOIN negocio n ON dp.negocio_idnegocio=n.idnegocio JOIN tipo_negocio tn ON dp.tipo_negocio_idtipo_negocio=tn.idtipo_negocio WHERE dp.proyecto_numero_orden LIKE CONCAT(orden,'%') AND dp.PNC=0 AND p.estado_idestado!=3 AND p.eliminacion=1 AND df.estado_idestado!=1 GROUP BY dp.proyecto_numero_orden, dp.tipo_negocio_idtipo_negocio;

END IF;

END$$

CREATE DEFINER=`root`@`localhost` PROCEDURE `PA_InformeDeProduccionTE` (IN `orden` INT)  NO SQL
BEGIN

IF orden=0 THEN
#Consulta todosSELECT dp.proyecto_numero_orden,n.nom_negocio,tn.nombre,MAX(dt.Procesos_idproceso) AS proceso,DATEDIFF(p.fecha_entrega,CURRENT_DATE) AS dias,dp.estado_idestado FROM proyecto p JOIN detalle_proyecto dp ON p.numero_orden=dp.proyecto_numero_orden JOIN detalle_teclados dt ON dp.idDetalle_proyecto=dt.detalle_proyecto_idDetalle_proyecto JOIN negocio n ON dp.negocio_idnegocio=n.idnegocio JOIN tipo_negocio tn ON dp.tipo_negocio_idtipo_negocio=tn.idtipo_negocio WHERE dp.PNC=0 AND p.estado_idestado!=3 AND p.eliminacion=1 AND dt.estado_idestado!=1 GROUP BY dp.proyecto_numero_orden, dp.tipo_negocio_idtipo_negocio;

ELSE
#Consulta por la orden de proyectoSELECT dp.proyecto_numero_orden,n.nom_negocio,tn.nombre,MAX(dt.Procesos_idproceso) AS proceso,DATEDIFF(p.fecha_entrega,CURRENT_DATE) AS dias,dp.estado_idestado FROM proyecto p JOIN detalle_proyecto dp ON p.numero_orden=dp.proyecto_numero_orden JOIN detalle_teclados dt ON dp.idDetalle_proyecto=dt.detalle_proyecto_idDetalle_proyecto JOIN negocio n ON dp.negocio_idnegocio=n.idnegocio JOIN tipo_negocio tn ON dp.tipo_negocio_idtipo_negocio=tn.idtipo_negocio WHERE dp.proyecto_numero_orden LIKE CONCAT(orden,'%') AND dp.PNC=0 AND p.estado_idestado!=3 AND p.eliminacion=1 AND dt.estado_idestado!=1 GROUP BY dp.proyecto_numero_orden, dp.tipo_negocio_idtipo_negocio;

END IF;

END$$

CREATE DEFINER=`root`@`localhost` PROCEDURE `PA_IniciarRenaudarTomaDeTiempoProcesos` (IN `orden` INT, IN `detalle` INT, IN `lector` INT, IN `busqueda` INT)  NO SQL
BEGIN
DECLARE id int;
DECLARE id1 int;
DECLARE cantidadp int;

IF busqueda=1 THEN

set id=(SELECT f.idDetalle_formato_estandar from detalle_formato_estandar f JOIN detalle_proyecto d on f.detalle_proyecto_idDetalle_proyecto=d.idDetalle_proyecto where d.proyecto_numero_orden=orden AND d.idDetalle_proyecto=detalle and f.Procesos_idproceso=lector and f.estado_idestado=1);

set id1=(SELECT f.idDetalle_formato_estandar from detalle_formato_estandar f JOIN detalle_proyecto d on f.detalle_proyecto_idDetalle_proyecto=d.idDetalle_proyecto where d.proyecto_numero_orden=orden AND d.idDetalle_proyecto=detalle and f.Procesos_idproceso=lector and f.estado_idestado=2);

IF id !='null' THEN
UPDATE detalle_formato_estandar f SET f.fecha_inicio=CURDATE(), f.estado_idestado=4, f.hora_ejecucion=CURRENT_TIME WHERE f.idDetalle_formato_estandar=id;
END IF;

IF id1 !='null' THEN
UPDATE detalle_formato_estandar f SET  f.estado_idestado=4, f.hora_ejecucion=CURRENT_TIME,f.hora_terminacion=null WHERE f.idDetalle_formato_estandar=id1;
END IF;

SET cantidadp =(SELECT COUNT(*) FROM detalle_formato_estandar d WHERE  d.detalle_proyecto_idDetalle_proyecto=(detalle) AND d.estado_idestado=1);

UPDATE detalle_proyecto SET pro_porIniciar=cantidadp WHERE idDetalle_proyecto=detalle;

SET cantidadp =(SELECT COUNT(*) FROM detalle_formato_estandar d WHERE  d.detalle_proyecto_idDetalle_proyecto=(detalle) AND d.estado_idestado=2);

UPDATE detalle_proyecto SET pro_Pausado=cantidadp WHERE idDetalle_proyecto=detalle;

SET cantidadp =(SELECT COUNT(*) FROM detalle_formato_estandar d WHERE  d.detalle_proyecto_idDetalle_proyecto=(detalle) AND d.estado_idestado=4);

UPDATE detalle_proyecto SET pro_Ejecucion=cantidadp WHERE idDetalle_proyecto=detalle;

SET cantidadp =(SELECT COUNT(*) FROM detalle_formato_estandar d WHERE  d.detalle_proyecto_idDetalle_proyecto=(detalle) AND d.estado_idestado=3);

UPDATE detalle_proyecto SET pro_Terminado=cantidadp WHERE idDetalle_proyecto=detalle;

ELSE
  IF busqueda=2 THEN
  
  set id=(SELECT f.idDetalle_teclados from detalle_teclados f LEFT JOIN detalle_proyecto d on f.detalle_proyecto_idDetalle_proyecto=d.idDetalle_proyecto where d.proyecto_numero_orden=orden AND d.idDetalle_proyecto=detalle and f.Procesos_idproceso=lector and f.estado_idestado=1);

set id1=(SELECT f.idDetalle_teclados from detalle_teclados f LEFT JOIN detalle_proyecto d on f.detalle_proyecto_idDetalle_proyecto=d.idDetalle_proyecto where d.proyecto_numero_orden=orden AND d.idDetalle_proyecto=detalle and f.Procesos_idproceso=lector and f.estado_idestado=2);

IF id !='null' THEN
UPDATE detalle_teclados f SET f.fecha_inicio=CURDATE(), f.estado_idestado=4, f.hora_ejecucion=CURRENT_TIME WHERE f.idDetalle_teclados=id ;
END IF;

IF id1 !='null' THEN
UPDATE detalle_teclados f SET f.estado_idestado=4, f.hora_ejecucion=CURRENT_TIME,f.hora_terminacion=null WHERE f.idDetalle_teclados=id1 ;
END IF;
  
  SET cantidadp =(SELECT COUNT(*) FROM detalle_teclados d WHERE  d.detalle_proyecto_idDetalle_proyecto=(detalle) AND d.estado_idestado=1);

UPDATE detalle_proyecto SET pro_porIniciar=cantidadp WHERE idDetalle_proyecto=detalle;

SET cantidadp =(SELECT COUNT(*) FROM detalle_teclados d WHERE  d.detalle_proyecto_idDetalle_proyecto=(detalle) AND d.estado_idestado=2);

UPDATE detalle_proyecto SET pro_Pausado=cantidadp WHERE idDetalle_proyecto=detalle;

SET cantidadp =(SELECT COUNT(*) FROM detalle_teclados d WHERE  d.detalle_proyecto_idDetalle_proyecto=(detalle) AND d.estado_idestado=4);

UPDATE detalle_proyecto SET pro_Ejecucion=cantidadp WHERE idDetalle_proyecto=detalle;

SET cantidadp =(SELECT COUNT(*) FROM detalle_teclados d WHERE  d.detalle_proyecto_idDetalle_proyecto=(detalle) AND d.estado_idestado=3);

UPDATE detalle_proyecto SET pro_Terminado=cantidadp WHERE idDetalle_proyecto=detalle;
  
  ELSE 
    IF busqueda =3 THEN
    
set id=(SELECT f.idDetalle_ensamble from detalle_ensamble f LEFT JOIN detalle_proyecto d on f.detalle_proyecto_idDetalle_proyecto=d.idDetalle_proyecto where d.proyecto_numero_orden=orden AND d.idDetalle_proyecto=detalle and f.Procesos_idproceso=lector and f.estado_idestado=1);

set id1=(SELECT f.idDetalle_ensamble from detalle_ensamble f LEFT JOIN detalle_proyecto d on f.detalle_proyecto_idDetalle_proyecto=d.idDetalle_proyecto where d.proyecto_numero_orden=orden AND d.idDetalle_proyecto=detalle and f.Procesos_idproceso=lector and f.estado_idestado=2); 

IF id !='null' THEN
UPDATE detalle_ensamble f SET f.fecha_inicio=CURDATE(), f.estado_idestado=4, f.hora_ejecucion=CURRENT_TIME WHERE f.idDetalle_ensamble=id;
END IF;

IF id1 !='null' THEN
UPDATE detalle_ensamble f SET  f.estado_idestado=4, f.hora_ejecucion=CURRENT_TIME,f.hora_terminacion=null WHERE f.idDetalle_ensamble=id1 ;
END IF;

SET cantidadp =(SELECT COUNT(*) FROM detalle_ensamble d WHERE  d.detalle_proyecto_idDetalle_proyecto=(detalle) AND d.estado_idestado=1);

UPDATE detalle_proyecto SET pro_porIniciar=cantidadp WHERE idDetalle_proyecto=detalle;

SET cantidadp =(SELECT COUNT(*) FROM detalle_ensamble d WHERE  d.detalle_proyecto_idDetalle_proyecto=(detalle) AND d.estado_idestado=2);

UPDATE detalle_proyecto SET pro_Pausado=cantidadp WHERE idDetalle_proyecto=detalle;

SET cantidadp =(SELECT COUNT(*) FROM detalle_ensamble d WHERE  d.detalle_proyecto_idDetalle_proyecto=(detalle) AND d.estado_idestado=4);

UPDATE detalle_proyecto SET pro_Ejecucion=cantidadp WHERE idDetalle_proyecto=detalle;

SET cantidadp =(SELECT COUNT(*) FROM detalle_ensamble d WHERE  d.detalle_proyecto_idDetalle_proyecto=(detalle) AND d.estado_idestado=3);

UPDATE detalle_proyecto SET pro_Terminado=cantidadp WHERE idDetalle_proyecto=detalle;
 
    
    END IF;  
  END IF;
END IF;
      #Se encarga de cambier el estado de los detalles del proyecto      CALL PA_CambiarEstadoDeProductos(busqueda,detalle);
END$$

CREATE DEFINER=`root`@`localhost` PROCEDURE `PA_ModificarDetalleFormatoEstandar` (IN `orden` INT, IN `detalle` INT, IN `material` VARCHAR(2))  NO SQL
BEGIN
#DECLARE cantidadp int;
IF EXISTS(SELECT * FROM detalle_formato_estandar d  WHERE d.detalle_proyecto_idDetalle_proyecto=detalle AND d.Procesos_idproceso=2) THEN   
  IF material = 'FV' then
     #si no el materia no es "TH" se eliminara este proceso   DELETE FROM detalle_formato_estandar  WHERE detalle_proyecto_idDetalle_proyecto=detalle and Procesos_idproceso=2; 
    #SELECT 'Ya existe TH';     #Fin de la eliminacion     END IF;
ELSE
    IF material='TH' then
    #SELECT 'No existe el TH';     #si el materia es "TH" se registrara este proceso     INSERT INTO `detalle_formato_estandar`(`tiempo_por_unidad`, `tiempo_total_por_proceso`, `cantidad_terminada`, `detalle_proyecto_idDetalle_proyecto`, `Procesos_idproceso`, `estado_idestado`) VALUES ('00:00','00:00','0',detalle,2,1);
   END IF;
END IF;

  

IF (SELECT tipo_negocio_idtipo_negocio from detalle_proyecto WHERE proyecto_numero_orden=orden and idDetalle_proyecto=detalle
)=1  THEN


  IF (SELECT ruteoC from proyecto WHERE numero_orden=orden)=1 THEN
    
     IF (SELECT f.Procesos_idproceso from detalle_proyecto d JOIN detalle_formato_estandar f ON 
     d.idDetalle_proyecto=f.detalle_proyecto_idDetalle_proyecto WHERE d.proyecto_numero_orden=orden and 
     f.detalle_proyecto_idDetalle_proyecto=detalle and f.Procesos_idproceso=9) THEN         
	   select "hola1";    
      ELSE
     INSERT INTO `detalle_formato_estandar`(`tiempo_por_unidad`, `tiempo_total_por_proceso`, `cantidad_terminada`, 
     `detalle_proyecto_idDetalle_proyecto`, `Procesos_idproceso`, `estado_idestado`) VALUES
     ('00:00','00:00','0',detalle,9,1);
    END IF;
       
    ELSE
       
      IF (SELECT f.Procesos_idproceso from detalle_proyecto d JOIN detalle_formato_estandar f ON 
      d.idDetalle_proyecto=f.detalle_proyecto_idDetalle_proyecto WHERE d.proyecto_numero_orden=orden and 
      f.detalle_proyecto_idDetalle_proyecto=detalle and f.Procesos_idproceso=9) THEN
        DELETE FROM detalle_formato_estandar  WHERE detalle_proyecto_idDetalle_proyecto=detalle and Procesos_idproceso=9; 
      END IF;
    
  END IF;
  
 IF (SELECT antisolderC from proyecto WHERE numero_orden=orden)=1 THEN
    
     IF (SELECT f.Procesos_idproceso from detalle_proyecto d JOIN detalle_formato_estandar f ON 
     d.idDetalle_proyecto=f.detalle_proyecto_idDetalle_proyecto WHERE d.proyecto_numero_orden=orden and 
     f.detalle_proyecto_idDetalle_proyecto=detalle and f.Procesos_idproceso=6) THEN         
	   select "hola1";    
      ELSE
     INSERT INTO `detalle_formato_estandar`(`tiempo_por_unidad`, `tiempo_total_por_proceso`, `cantidad_terminada`, 
     `detalle_proyecto_idDetalle_proyecto`, `Procesos_idproceso`, `estado_idestado`) VALUES
     ('00:00','00:00','0',detalle,6,1);
    END IF;
       
    ELSE
       
      IF (SELECT f.Procesos_idproceso from detalle_proyecto d JOIN detalle_formato_estandar f ON 
      d.idDetalle_proyecto=f.detalle_proyecto_idDetalle_proyecto WHERE d.proyecto_numero_orden=orden and 
      f.detalle_proyecto_idDetalle_proyecto=detalle and f.Procesos_idproceso=6) THEN
        DELETE FROM detalle_formato_estandar  WHERE detalle_proyecto_idDetalle_proyecto=detalle and Procesos_idproceso=6; 
      END IF;
    
  END IF;


    ELSE
    

  IF (SELECT ruteoP from proyecto WHERE numero_orden=orden)=1 THEN
    
     IF (SELECT f.Procesos_idproceso from detalle_proyecto d JOIN detalle_formato_estandar f ON 
     d.idDetalle_proyecto=f.detalle_proyecto_idDetalle_proyecto WHERE d.proyecto_numero_orden=orden and 
     f.detalle_proyecto_idDetalle_proyecto=detalle and f.Procesos_idproceso=9) THEN         
	   select "hola1";    
      ELSE
     INSERT INTO `detalle_formato_estandar`(`tiempo_por_unidad`, `tiempo_total_por_proceso`, `cantidad_terminada`, 
     `detalle_proyecto_idDetalle_proyecto`, `Procesos_idproceso`, `estado_idestado`) VALUES
     ('00:00','00:00','0',detalle,9,1);
    END IF;
       
    ELSE
       
      IF (SELECT f.Procesos_idproceso from detalle_proyecto d JOIN detalle_formato_estandar f ON 
      d.idDetalle_proyecto=f.detalle_proyecto_idDetalle_proyecto WHERE d.proyecto_numero_orden=orden and 
      f.detalle_proyecto_idDetalle_proyecto=detalle and f.Procesos_idproceso=9) THEN
        DELETE FROM detalle_formato_estandar  WHERE detalle_proyecto_idDetalle_proyecto=detalle and Procesos_idproceso=9; 
      END IF;
    
  END IF;

 IF (SELECT antisolderP from proyecto WHERE numero_orden=orden)=1 THEN
    
     IF (SELECT f.Procesos_idproceso from detalle_proyecto d JOIN detalle_formato_estandar f ON 
     d.idDetalle_proyecto=f.detalle_proyecto_idDetalle_proyecto WHERE d.proyecto_numero_orden=orden and 
     f.detalle_proyecto_idDetalle_proyecto=detalle and f.Procesos_idproceso=6) THEN         
	   select "hola1";    
      ELSE
     INSERT INTO `detalle_formato_estandar`(`tiempo_por_unidad`, `tiempo_total_por_proceso`, `cantidad_terminada`, 
     `detalle_proyecto_idDetalle_proyecto`, `Procesos_idproceso`, `estado_idestado`) VALUES
     ('00:00','00:00','0',detalle,6,1);
    END IF;
       
    ELSE
       
      IF (SELECT f.Procesos_idproceso from detalle_proyecto d JOIN detalle_formato_estandar f ON 
      d.idDetalle_proyecto=f.detalle_proyecto_idDetalle_proyecto WHERE d.proyecto_numero_orden=orden and 
      f.detalle_proyecto_idDetalle_proyecto=detalle and f.Procesos_idproceso=6) THEN
        DELETE FROM detalle_formato_estandar  WHERE detalle_proyecto_idDetalle_proyecto=detalle and Procesos_idproceso=6; 
      END IF;
    
  END IF;

END IF;

#SET cantidadp =(SELECT COUNT(*) FROM detalle_formato_estandar d WHERE  d.detalle_proyecto_idDetalle_proyecto=(SELECT MAX(idDetalle_proyecto) FROM detalle_proyecto) AND d.estado_idestado=1);

END$$

CREATE DEFINER=`root`@`localhost` PROCEDURE `PA_PausarTomaDeTiempoDeProcesos` (IN `orden` INT, IN `detalle` INT, IN `lector` INT, IN `busqueda` INT, IN `tiempo` VARCHAR(6), IN `cantidad` INT, IN `est` TINYINT(1))  NO SQL
BEGIN
DECLARE id int;
DECLARE cantidadp int;
IF est=2 THEN

IF busqueda=1 THEN

SET id=(SELECT f.idDetalle_formato_estandar from detalle_formato_estandar f JOIN detalle_proyecto d on f.detalle_proyecto_idDetalle_proyecto=d.idDetalle_proyecto where d.proyecto_numero_orden=orden AND d.idDetalle_proyecto=detalle and f.Procesos_idproceso=lector and f.estado_idestado=4);
 
 UPDATE detalle_formato_estandar f SET  f.estado_idestado=est, f.tiempo_total_por_proceso=tiempo,f.cantidad_terminada=cantidad WHERE f.idDetalle_formato_estandar=id ;

ELSE
 IF busqueda=2 THEN
 
 SET id=(SELECT f.idDetalle_teclados from detalle_teclados f JOIN detalle_proyecto d on f.detalle_proyecto_idDetalle_proyecto=d.idDetalle_proyecto where d.proyecto_numero_orden=orden AND d.idDetalle_proyecto=detalle and f.Procesos_idproceso=lector and f.estado_idestado=4);
 
 UPDATE detalle_teclados f SET  f.estado_idestado=est, f.tiempo_total_proceso=tiempo, f.cantidad_terminada=cantidad WHERE f.idDetalle_teclados=id ;
 
 ELSE
  IF busqueda=3 THEN
  
  SET id=(SELECT f.idDetalle_ensamble from detalle_ensamble f JOIN detalle_proyecto d on f.detalle_proyecto_idDetalle_proyecto=d.idDetalle_proyecto where d.proyecto_numero_orden=orden AND d.idDetalle_proyecto=detalle and f.Procesos_idproceso=lector and f.estado_idestado=4);
  
  UPDATE detalle_ensamble f SET  f.estado_idestado=est, f.tiempo_total_por_proceso=tiempo,f.cantidad_terminada=cantidad WHERE f.idDetalle_ensamble=id ;
  
  END IF; 
 END IF;
END IF;

ELSE

IF busqueda=1 THEN

SET id=(SELECT f.idDetalle_formato_estandar from detalle_formato_estandar f JOIN detalle_proyecto d on f.detalle_proyecto_idDetalle_proyecto=d.idDetalle_proyecto where d.proyecto_numero_orden=orden AND d.idDetalle_proyecto=detalle and f.Procesos_idproceso=lector and f.estado_idestado=4);
 
 UPDATE detalle_formato_estandar f SET  f.estado_idestado=est,f.fecha_fin=CURRENT_DATE,f.tiempo_total_por_proceso=tiempo,f.cantidad_terminada=cantidad WHERE f.idDetalle_formato_estandar=id ;

ELSE
 IF busqueda=2 THEN
 
 SET id=(SELECT f.idDetalle_teclados from detalle_teclados f JOIN detalle_proyecto d on f.detalle_proyecto_idDetalle_proyecto=d.idDetalle_proyecto where d.proyecto_numero_orden=orden AND d.idDetalle_proyecto=detalle and f.Procesos_idproceso=lector and f.estado_idestado=4);
 
 UPDATE detalle_teclados f SET  f.estado_idestado=est,f.fecha_fin=CURRENT_DATE, f.tiempo_total_proceso=tiempo, f.cantidad_terminada=cantidad WHERE f.idDetalle_teclados=id ;
 
 ELSE
  IF busqueda=3 THEN
  
  SET id=(SELECT f.idDetalle_ensamble from detalle_ensamble f JOIN detalle_proyecto d on f.detalle_proyecto_idDetalle_proyecto=d.idDetalle_proyecto where d.proyecto_numero_orden=orden AND d.idDetalle_proyecto=detalle and f.Procesos_idproceso=lector and f.estado_idestado=4);
  
  UPDATE detalle_ensamble f SET  f.estado_idestado=est,f.fecha_fin=CURRENT_DATE, f.tiempo_total_por_proceso=tiempo,f.cantidad_terminada=cantidad WHERE f.idDetalle_ensamble=id;
  
  END IF; 
 END IF;
END IF;

END IF;

IF busqueda=1 THEN

SET cantidadp =(SELECT COUNT(*) FROM detalle_formato_estandar d WHERE  d.detalle_proyecto_idDetalle_proyecto=(detalle) AND d.estado_idestado=1);

UPDATE detalle_proyecto SET pro_porIniciar=cantidadp WHERE idDetalle_proyecto=detalle;

SET cantidadp =(SELECT COUNT(*) FROM detalle_formato_estandar d WHERE  d.detalle_proyecto_idDetalle_proyecto=(detalle) AND d.estado_idestado=2);

UPDATE detalle_proyecto SET pro_Pausado=cantidadp WHERE idDetalle_proyecto=detalle;

SET cantidadp =(SELECT COUNT(*) FROM detalle_formato_estandar d WHERE  d.detalle_proyecto_idDetalle_proyecto=(detalle) AND d.estado_idestado=4);

UPDATE detalle_proyecto SET pro_Ejecucion=cantidadp WHERE idDetalle_proyecto=detalle;

SET cantidadp =(SELECT COUNT(*) FROM detalle_formato_estandar d WHERE  d.detalle_proyecto_idDetalle_proyecto=(detalle) AND d.estado_idestado=3);

UPDATE detalle_proyecto SET pro_Terminado=cantidadp WHERE idDetalle_proyecto=detalle;

ELSE
 IF busqueda=2 THEN
 
 SET cantidadp =(SELECT COUNT(*) FROM detalle_teclados d WHERE  d.detalle_proyecto_idDetalle_proyecto=(detalle) AND d.estado_idestado=1);

UPDATE detalle_proyecto SET pro_porIniciar=cantidadp WHERE idDetalle_proyecto=detalle;

SET cantidadp =(SELECT COUNT(*) FROM detalle_teclados d WHERE  d.detalle_proyecto_idDetalle_proyecto=(detalle) AND d.estado_idestado=2);

UPDATE detalle_proyecto SET pro_Pausado=cantidadp WHERE idDetalle_proyecto=detalle;

SET cantidadp =(SELECT COUNT(*) FROM detalle_teclados d WHERE  d.detalle_proyecto_idDetalle_proyecto=(detalle) AND d.estado_idestado=4);

UPDATE detalle_proyecto SET pro_Ejecucion=cantidadp WHERE idDetalle_proyecto=detalle;

SET cantidadp =(SELECT COUNT(*) FROM detalle_teclados d WHERE  d.detalle_proyecto_idDetalle_proyecto=(detalle) AND d.estado_idestado=3);

UPDATE detalle_proyecto SET pro_Terminado=cantidadp WHERE idDetalle_proyecto=detalle;
 
 ELSE
  if busqueda=3 THEN
  
  SET cantidadp =(SELECT COUNT(*) FROM detalle_ensamble d WHERE  d.detalle_proyecto_idDetalle_proyecto=(detalle) AND d.estado_idestado=1);

UPDATE detalle_proyecto SET pro_porIniciar=cantidadp WHERE idDetalle_proyecto=detalle;

SET cantidadp =(SELECT COUNT(*) FROM detalle_ensamble d WHERE  d.detalle_proyecto_idDetalle_proyecto=(detalle) AND d.estado_idestado=2);

UPDATE detalle_proyecto SET pro_Pausado=cantidadp WHERE idDetalle_proyecto=detalle;

SET cantidadp =(SELECT COUNT(*) FROM detalle_ensamble d WHERE  d.detalle_proyecto_idDetalle_proyecto=(detalle) AND d.estado_idestado=4);

UPDATE detalle_proyecto SET pro_Ejecucion=cantidadp WHERE idDetalle_proyecto=detalle;

SET cantidadp =(SELECT COUNT(*) FROM detalle_ensamble d WHERE  d.detalle_proyecto_idDetalle_proyecto=(detalle) AND d.estado_idestado=3);

UPDATE detalle_proyecto SET pro_Terminado=cantidadp WHERE idDetalle_proyecto=detalle;
  
  END IF;
 END IF;
END IF;
     CALL PA_CambiarEstadoDeProductos(busqueda,detalle);

END$$

CREATE DEFINER=`root`@`localhost` PROCEDURE `PA_PromedioProductoPorMinuto` (IN `detalle` INT, IN `negocio` INT, IN `lector` INT)  NO SQL
BEGIN
#Formato est치ndarIF negocio=1 THEN

SELECT d.tiempo_total_por_proceso,d.cantidad_terminada FROM detalle_formato_estandar d WHERE d.detalle_proyecto_idDetalle_proyecto=detalle AND d.Procesos_idproceso=lector AND d.estado_idestado=3;

ELSE
#Teclados IF negocio=2 THEN

SELECT d.tiempo_total_proceso,d.cantidad_terminada FROM detalle_teclados d WHERE d.detalle_proyecto_idDetalle_proyecto=detalle AND d.Procesos_idproceso=lector AND d.estado_idestado=3;

 ELSE
 #Ensamble 
 SELECT d.tiempo_total_por_proceso,d.cantidad_terminada FROM detalle_ensamble d WHERE d.detalle_proyecto_idDetalle_proyecto=detalle AND d.Procesos_idproceso=lector AND d.estado_idestado=3;
 
 END IF;
END IF;

END$$

CREATE DEFINER=`root`@`localhost` PROCEDURE `PA_ProyectosEnEjecucion` (IN `negocio` INT)  NO SQL
BEGIN

IF negocio=1 THEN

SELECT d.proyecto_numero_orden FROM detalle_formato_estandar f JOIN detalle_proyecto d on f.detalle_proyecto_idDetalle_proyecto=d.idDetalle_proyecto WHERE f.estado_idestado=4 GROUP BY d.proyecto_numero_orden;


else
 IF negocio=2 THEN

SELECT d.proyecto_numero_orden FROM detalle_teclados f JOIN detalle_proyecto d on f.detalle_proyecto_idDetalle_proyecto=d.idDetalle_proyecto WHERE f.estado_idestado=4 GROUP BY d.proyecto_numero_orden;

 ELSE
  IF negocio=3 THEN

SELECT d.proyecto_numero_orden FROM detalle_ensamble f JOIN detalle_proyecto d on f.detalle_proyecto_idDetalle_proyecto=d.idDetalle_proyecto WHERE f.estado_idestado=4 GROUP BY d.proyecto_numero_orden;

  END IF;
 END IF;
END IF;
END$$

CREATE DEFINER=`root`@`localhost` PROCEDURE `PA_ReactivarProyecto` (IN `orden` INT)  NO SQL
BEGIN

UPDATE proyecto p SET p.eliminacion=1 WHERE p.numero_orden=orden;

END$$

CREATE DEFINER=`root`@`localhost` PROCEDURE `PA_RecuperaContrase침aUser` (IN `rec` VARCHAR(10))  NO SQL
BEGIN

IF EXISTS(SELECT u.numero_documento FROM usuario u WHERE u.recuperacion=rec) THEN

SELECT u.numero_documento,u.contrae침a FROM usuario u WHERE u.recuperacion=rec;

END IF;

END$$

CREATE DEFINER=`root`@`localhost` PROCEDURE `PA_RegistrarDetalleEnsamble` (IN `orden` INT, IN `tipo` INT, IN `ubic` VARCHAR(25))  NO SQL
BEGIN

DECLARE detalle int;

IF ubic='' THEN
set detalle=((SELECT dd.idDetalle_proyecto from detalle_proyecto dd WHERE dd.proyecto_numero_orden=(orden) AND dd.tipo_negocio_idtipo_negocio=tipo AND dd.negocio_idnegocio=3 AND dd.ubicacion is null));

ELSE
 
set detalle=((SELECT dd.idDetalle_proyecto from detalle_proyecto dd WHERE dd.proyecto_numero_orden=(orden) AND dd.tipo_negocio_idtipo_negocio=tipo AND dd.negocio_idnegocio=3 AND dd.ubicacion=ubic));

END IF;
#ManualINSERT INTO `detalle_ensamble`(`tiempo_por_unidad`, `tiempo_total_por_proceso`, `cantidad_terminada`, `detalle_proyecto_idDetalle_proyecto`, `Procesos_idproceso`, `estado_idestado`) VALUES ('00:00','00:00','0',detalle,15,1);

#LimpiezaINSERT INTO `detalle_ensamble`(`tiempo_por_unidad`, `tiempo_total_por_proceso`, `cantidad_terminada`, `detalle_proyecto_idDetalle_proyecto`, `Procesos_idproceso`, `estado_idestado`) VALUES ('00:00','00:00','0',detalle,16,1);

#Control calidadINSERT INTO `detalle_ensamble`(`tiempo_por_unidad`, `tiempo_total_por_proceso`, `cantidad_terminada`, `detalle_proyecto_idDetalle_proyecto`, `Procesos_idproceso`, `estado_idestado`) VALUES ('00:00','00:00','0',detalle,17,1);

#EmpaqueINSERT INTO `detalle_ensamble`(`tiempo_por_unidad`, `tiempo_total_por_proceso`, `cantidad_terminada`, `detalle_proyecto_idDetalle_proyecto`, `Procesos_idproceso`, `estado_idestado`) VALUES ('00:00','00:00','0',detalle,18,1);

#StencilINSERT INTO `detalle_ensamble`(`tiempo_por_unidad`, `tiempo_total_por_proceso`, `cantidad_terminada`, `detalle_proyecto_idDetalle_proyecto`, `Procesos_idproceso`, `estado_idestado`) VALUES ('00:00','00:00','0',detalle,19,1);

#LineaINSERT INTO `detalle_ensamble`(`tiempo_por_unidad`, `tiempo_total_por_proceso`, `cantidad_terminada`, `detalle_proyecto_idDetalle_proyecto`, `Procesos_idproceso`, `estado_idestado`) VALUES ('00:00','00:00','0',detalle,20,1);

#ArnesINSERT INTO `detalle_ensamble`(`tiempo_por_unidad`, `tiempo_total_por_proceso`, `cantidad_terminada`, `detalle_proyecto_idDetalle_proyecto`, `Procesos_idproceso`, `estado_idestado`) VALUES ('00:00','00:00','0',detalle,21,1);


UPDATE detalle_proyecto SET pro_porIniciar=7 WHERE idDetalle_proyecto=detalle;

#Actualizaci칩n de estadoCALL PA_CambiarEstadoDeProductos(3,detalle);
END$$

CREATE DEFINER=`root`@`localhost` PROCEDURE `PA_RegistrarDetalleFormatoEstandar` (IN `orden` INT, IN `tipo` INT, IN `ubic` VARCHAR(25))  NO SQL
BEGIN
DECLARE material varchar(3);
DECLARE antisolder int;
declare ruteo int;
declare detalle int;

 IF ubic='' THEN
set detalle=((SELECT dd.idDetalle_proyecto from detalle_proyecto dd WHERE dd.proyecto_numero_orden=(orden) AND dd.tipo_negocio_idtipo_negocio=tipo AND dd.negocio_idnegocio=1 AND dd.ubicacion is null));

 ELSE
 
set detalle=((SELECT dd.idDetalle_proyecto from detalle_proyecto dd WHERE dd.proyecto_numero_orden=(orden) AND dd.tipo_negocio_idtipo_negocio=tipo AND dd.negocio_idnegocio=1 AND dd.ubicacion=ubic));

 END IF;



IF tipo=2 THEN
INSERT INTO `detalle_formato_estandar`(`tiempo_por_unidad`, `tiempo_total_por_proceso`, `cantidad_terminada`, `detalle_proyecto_idDetalle_proyecto`, `Procesos_idproceso`, `estado_idestado`) VALUES
('00:00','00:00','0',detalle,1,1);

INSERT INTO `detalle_formato_estandar`(`tiempo_por_unidad`, `tiempo_total_por_proceso`, `cantidad_terminada`, `detalle_proyecto_idDetalle_proyecto`, `Procesos_idproceso`, `estado_idestado`) VALUES
('00:00','00:00','0',detalle,3,1);

INSERT INTO `detalle_formato_estandar`(`tiempo_por_unidad`, `tiempo_total_por_proceso`, `cantidad_terminada`, `detalle_proyecto_idDetalle_proyecto`, `Procesos_idproceso`, `estado_idestado`) VALUES
('00:00','00:00','0',detalle,4,1);

INSERT INTO `detalle_formato_estandar`(`tiempo_por_unidad`, `tiempo_total_por_proceso`, `cantidad_terminada`, `detalle_proyecto_idDetalle_proyecto`, `Procesos_idproceso`, `estado_idestado`) VALUES
('00:00','00:00','0',detalle,5,1);

INSERT INTO `detalle_formato_estandar`(`tiempo_por_unidad`, `tiempo_total_por_proceso`, `cantidad_terminada`, `detalle_proyecto_idDetalle_proyecto`, `Procesos_idproceso`, `estado_idestado`) VALUES
('00:00','00:00','0',detalle,7,1);

INSERT INTO `detalle_formato_estandar`(`tiempo_por_unidad`, `tiempo_total_por_proceso`, `cantidad_terminada`, `detalle_proyecto_idDetalle_proyecto`, `Procesos_idproceso`, `estado_idestado`) VALUES
('00:00','00:00','0',detalle,8,1);

INSERT INTO `detalle_formato_estandar`(`tiempo_por_unidad`, `tiempo_total_por_proceso`, `cantidad_terminada`, `detalle_proyecto_idDetalle_proyecto`, `Procesos_idproceso`, `estado_idestado`) VALUES
('00:00','00:00','0',detalle,9,1);

INSERT INTO `detalle_formato_estandar`(`tiempo_por_unidad`, `tiempo_total_por_proceso`, `cantidad_terminada`, `detalle_proyecto_idDetalle_proyecto`, `Procesos_idproceso`, `estado_idestado`) VALUES
('00:00','00:00','0',detalle,10,1);
ELSE
IF tipo=3 or tipo=4 THEN
 INSERT INTO `detalle_formato_estandar`(`tiempo_por_unidad`, `tiempo_total_por_proceso`, `cantidad_terminada`, `detalle_proyecto_idDetalle_proyecto`, `Procesos_idproceso`, `estado_idestado`) VALUES
('00:00','00:00','0',detalle,1,1);

INSERT INTO `detalle_formato_estandar`(`tiempo_por_unidad`, `tiempo_total_por_proceso`, `cantidad_terminada`, `detalle_proyecto_idDetalle_proyecto`, `Procesos_idproceso`, `estado_idestado`) VALUES
('00:00','00:00','0',detalle,4,1);
ELSE
   IF tipo=6 THEN
 INSERT INTO `detalle_formato_estandar`(`tiempo_por_unidad`, `tiempo_total_por_proceso`, `cantidad_terminada`, `detalle_proyecto_idDetalle_proyecto`, `Procesos_idproceso`, `estado_idestado`) VALUES
('00:00','00:00','0',detalle,1,1);
ELSE
     IF tipo=1 or tipo=7 THEN
 INSERT INTO `detalle_formato_estandar`(`tiempo_por_unidad`, `tiempo_total_por_proceso`, `cantidad_terminada`, `detalle_proyecto_idDetalle_proyecto`, `Procesos_idproceso`, `estado_idestado`) VALUES
('00:00','00:00','0',detalle,1,1);


set material=(SELECT d.material from detalle_proyecto d WHERE d.proyecto_numero_orden=(orden) AND d.idDetalle_proyecto=detalle);


IF material="TH" THEN
 INSERT INTO `detalle_formato_estandar`(`tiempo_por_unidad`, `tiempo_total_por_proceso`, `cantidad_terminada`, `detalle_proyecto_idDetalle_proyecto`, `Procesos_idproceso`, `estado_idestado`) VALUES
('00:00','00:00','0',detalle,2,1);
#ELSE#DELETE FROM detalle_formato_estandar  WHERE detalle_proyecto_idDetalle_proyecto=detalle AND Procesos_idproceso=2; END IF;


 INSERT INTO `detalle_formato_estandar`(`tiempo_por_unidad`, `tiempo_total_por_proceso`, `cantidad_terminada`, `detalle_proyecto_idDetalle_proyecto`, `Procesos_idproceso`, `estado_idestado`) VALUES
('00:00','00:00','0',detalle,3,1);

 INSERT INTO `detalle_formato_estandar`(`tiempo_por_unidad`, `tiempo_total_por_proceso`, `cantidad_terminada`, `detalle_proyecto_idDetalle_proyecto`, `Procesos_idproceso`, `estado_idestado`) VALUES
('00:00','00:00','0',detalle,4,1);

INSERT INTO `detalle_formato_estandar`(`tiempo_por_unidad`, `tiempo_total_por_proceso`, `cantidad_terminada`, `detalle_proyecto_idDetalle_proyecto`, `Procesos_idproceso`, `estado_idestado`) VALUES
('00:00','00:00','0',detalle,5,1);

     IF tipo=1 THEN
set antisolder=(SELECT antisolderC from proyecto where numero_orden=(SELECT proyecto_numero_orden from detalle_proyecto WHERE idDetalle_proyecto=detalle));

set ruteo=(SELECT ruteoC from proyecto where numero_orden=(SELECT proyecto_numero_orden from detalle_proyecto WHERE idDetalle_proyecto=detalle));

 IF antisolder=1 THEN
 INSERT INTO `detalle_formato_estandar`(`tiempo_por_unidad`, `tiempo_total_por_proceso`, `cantidad_terminada`, `detalle_proyecto_idDetalle_proyecto`, `Procesos_idproceso`, `estado_idestado`) VALUES
('00:00','00:00','0',detalle,6,1);
 END IF;
 
INSERT INTO `detalle_formato_estandar`(`tiempo_por_unidad`, `tiempo_total_por_proceso`, `cantidad_terminada`, `detalle_proyecto_idDetalle_proyecto`, `Procesos_idproceso`, `estado_idestado`) VALUES
('00:00','00:00','0',detalle,7,1);

 INSERT INTO `detalle_formato_estandar`(`tiempo_por_unidad`, `tiempo_total_por_proceso`, `cantidad_terminada`, `detalle_proyecto_idDetalle_proyecto`, `Procesos_idproceso`, `estado_idestado`) VALUES
('00:00','00:00','0',detalle,8,1);

  IF ruteo=1 THEN
 INSERT INTO `detalle_formato_estandar`(`tiempo_por_unidad`, `tiempo_total_por_proceso`, `cantidad_terminada`, `detalle_proyecto_idDetalle_proyecto`, `Procesos_idproceso`, `estado_idestado`) VALUES
('00:00','00:00','0',detalle,9,1);
 END IF;
     END IF;
          IF tipo=7 THEN
          
set antisolder=(SELECT antisolderP from proyecto where numero_orden=(SELECT proyecto_numero_orden from detalle_proyecto WHERE idDetalle_proyecto=detalle));

set ruteo=(SELECT ruteoP from proyecto where numero_orden=(SELECT proyecto_numero_orden from detalle_proyecto WHERE idDetalle_proyecto=detalle));
 IF antisolder=1 THEN
 INSERT INTO `detalle_formato_estandar`(`tiempo_por_unidad`, `tiempo_total_por_proceso`, `cantidad_terminada`, `detalle_proyecto_idDetalle_proyecto`, `Procesos_idproceso`, `estado_idestado`) VALUES
('00:00','00:00','0',detalle,6,1);
 END IF;
INSERT INTO `detalle_formato_estandar`(`tiempo_por_unidad`, `tiempo_total_por_proceso`, `cantidad_terminada`, `detalle_proyecto_idDetalle_proyecto`, `Procesos_idproceso`, `estado_idestado`) VALUES
('00:00','00:00','0',detalle,7,1);

 INSERT INTO `detalle_formato_estandar`(`tiempo_por_unidad`, `tiempo_total_por_proceso`, `cantidad_terminada`, `detalle_proyecto_idDetalle_proyecto`, `Procesos_idproceso`, `estado_idestado`) VALUES
('00:00','00:00','0',detalle,8,1);

  IF ruteo=1 THEN
INSERT INTO `detalle_formato_estandar`(`tiempo_por_unidad`, `tiempo_total_por_proceso`, `cantidad_terminada`, `detalle_proyecto_idDetalle_proyecto`, `Procesos_idproceso`, `estado_idestado`) VALUES
('00:00','00:00','0',detalle,9,1);
 END IF;
          END IF;
INSERT INTO `detalle_formato_estandar`(`tiempo_por_unidad`, `tiempo_total_por_proceso`, `cantidad_terminada`, `detalle_proyecto_idDetalle_proyecto`, `Procesos_idproceso`, `estado_idestado`) VALUES
('00:00','00:00','0',detalle,10,1);
   END IF;
  END IF;
 END IF;
END IF;

SET tipo= (SELECT COUNT(*) FROM detalle_formato_estandar d WHERE  d.detalle_proyecto_idDetalle_proyecto=detalle AND d.estado_idestado=1);


UPDATE detalle_proyecto SET pro_porIniciar=tipo WHERE idDetalle_proyecto=detalle;

#Cambio de estadosCALL PA_CambiarEstadoDeProductos(1,detalle);

END$$

CREATE DEFINER=`root`@`localhost` PROCEDURE `PA_RegistrarDetalleProyectoQR` (IN `orden` INT, IN `area` INT, IN `producto` INT, IN `cantidad` VARCHAR(25), IN `material` VARCHAR(25), IN `ruteo` INT, IN `antisolder` INT)  NO SQL
BEGIN

#Actualizamos primero los detalles del proyectoIF producto=1 AND area=1 THEN
UPDATE proyecto p SET p.FE=1,p.pcb_FE=1,p.antisolderC=antisolder,p.ruteoC=ruteo WHERE p.numero_orden=orden;
ELSE
 IF producto=1 AND area=3 THEN
 #Integracion UPDATE proyecto p SET p.IN=1 WHERE p.numero_orden=orden;
 ELSE
  IF producto=5 THEN
  #Teclado   UPDATE proyecto p SET p.TE=1 WHERE p.numero_orden=orden;
  ELSE
   IF producto=2 THEN
   	#Formato estandar Conversor   UPDATE proyecto p SET p.TE=1,p.FE=1,p.Conversor=1 WHERE p.numero_orden=orden;
   ELSE 
    IF producto=3 THEN
     #Formato estandar Repujado    UPDATE proyecto p SET p.TE=1,p.FE=1,p.Repujado=1 WHERE p.numero_orden=orden;
    ELSE
     IF producto=4 THEN
      #Formato estandar Troquel     UPDATE proyecto p SET p.TE=1,p.FE=1,p.troquel=1 WHERE p.numero_orden=orden;
     ELSE
      IF producto=6 THEN
       #Formato estandar Stencil       UPDATE proyecto p SET p.FE=1,p.IN=1,p.stencil=1 WHERE p.numero_orden=orden;
       ELSE
        IF producto=7 THEN
        #Formato estandar PCB         UPDATE proyecto p SET p.FE=1,p.TE=1,p.pcb_TE=1,p.antisolderP=antisolder,p.ruteoP=ruteo WHERE p.numero_orden=orden;
        END IF;
      END IF;
     END IF;
    END IF;
   END IF;
  END IF;
 END IF;
END IF;
#Inserci칩n de datosIF material != '' THEN
INSERT INTO `detalle_proyecto`(`tipo_negocio_idtipo_negocio`, `canitadad_total`, `proyecto_numero_orden`, `negocio_idnegocio`, `estado_idestado`,`material`,`PNC`) VALUES (producto,cantidad,orden,area,1,material,0);
SELECT 1;
ELSE
INSERT INTO `detalle_proyecto`(`tipo_negocio_idtipo_negocio`, `canitadad_total`, `proyecto_numero_orden`, `negocio_idnegocio`, `estado_idestado`,`PNC`) VALUES (producto,cantidad,orden,area,1,0);
SELECT 1;
END IF;
END$$

CREATE DEFINER=`root`@`localhost` PROCEDURE `PA_RegistrarDetalleTeclados` (IN `orden` INT, IN `tipo` INT, IN `ubic` VARCHAR(25))  NO SQL
BEGIN

DECLARE detalle int;

IF ubic='' THEN
set detalle=((SELECT dd.idDetalle_proyecto from detalle_proyecto dd WHERE dd.proyecto_numero_orden=(orden) AND dd.tipo_negocio_idtipo_negocio=tipo AND dd.negocio_idnegocio=2 AND dd.ubicacion is null));

ELSE
 
set detalle=((SELECT dd.idDetalle_proyecto from detalle_proyecto dd WHERE dd.proyecto_numero_orden=(orden) AND dd.tipo_negocio_idtipo_negocio=tipo AND dd.negocio_idnegocio=2 AND dd.ubicacion=ubic));

END IF;

INSERT INTO `detalle_teclados`(`tiempo_por_unidad`, `tiempo_total_proceso`, `cantidad_terminada`, `detalle_proyecto_idDetalle_proyecto`, `Procesos_idproceso`, `estado_idestado`)VALUES
('00:00','00:00','0',detalle,11,1);

INSERT INTO `detalle_teclados`(`tiempo_por_unidad`, `tiempo_total_proceso`, `cantidad_terminada`, `detalle_proyecto_idDetalle_proyecto`, `Procesos_idproceso`, `estado_idestado`)VALUES
('00:00','00:00','0',detalle,12,1);

INSERT INTO `detalle_teclados`(`tiempo_por_unidad`, `tiempo_total_proceso`, `cantidad_terminada`, `detalle_proyecto_idDetalle_proyecto`, `Procesos_idproceso`, `estado_idestado`)VALUES
('00:00','00:00','0',detalle,13,1);

INSERT INTO `detalle_teclados`(`tiempo_por_unidad`, `tiempo_total_proceso`, `cantidad_terminada`, `detalle_proyecto_idDetalle_proyecto`, `Procesos_idproceso`, `estado_idestado`)VALUES
('00:00','00:00','0',detalle,14,1);

UPDATE detalle_proyecto SET pro_porIniciar=4 WHERE idDetalle_proyecto=detalle;

#Cambio de estado del proyectoCALL PA_CambiarEstadoDeProductos(2,detalle);

END$$

CREATE DEFINER=`root`@`localhost` PROCEDURE `PA_ReporteGeneral` ()  NO SQL
BEGIN

SELECT p.numero_orden,p.nombre_cliente,p.nombre_proyecto,dp.canitadad_total,n.nom_negocio,t.nombre,dp.Total_timepo_Unidad,dp.tiempo_total FROM detalle_proyecto dp JOIN proyecto p ON dp.proyecto_numero_orden=p.numero_orden JOIN negocio n on dp.negocio_idnegocio=n.idnegocio JOIN tipo_negocio t ON dp.tipo_negocio_idtipo_negocio=t.idtipo_negocio;

END$$

CREATE DEFINER=`root`@`localhost` PROCEDURE `PA_Sesion` (IN `sec` INT, IN `ced` VARCHAR(13))  NO SQL
BEGIN

UPDATE usuario u SET u.sesion=sec WHERE u.numero_documento=ced;

END$$

CREATE DEFINER=`root`@`localhost` PROCEDURE `PA_TiempoProceso` (IN `detalle` INT, IN `negocio` INT)  NO SQL
BEGIN

IF negocio=1 THEN
#Formato estandarSELECT df.tiempo_total_por_proceso FROM detalle_formato_estandar df WHERE df.detalle_proyecto_idDetalle_proyecto=detalle AND df.estado_idestado!=1;

ELSE
 IF negocio=2 THEN
 #Teclados SELECT dt.tiempo_total_proceso FROM detalle_teclados dt WHERE dt.detalle_proyecto_idDetalle_proyecto=detalle AND dt.estado_idestado!=1;
 ELSE
 #Ensamble SELECT de.tiempo_total_por_proceso FROM detalle_ensamble de WHERE de.detalle_proyecto_idDetalle_proyecto=detalle AND de.estado_idestado!=1;
 END IF;
END IF;

END$$

CREATE DEFINER=`root`@`localhost` PROCEDURE `PA_ValidarCantidadDetalleProyecto` (IN `orden` INT, IN `detalle` INT, IN `lector` INT, IN `busqueda` INT)  NO SQL
BEGIN

DECLARE can int;
DECLARE id int;

IF busqueda=1 THEN

SET id=(SELECT f.cantidad_terminada from detalle_formato_estandar f JOIN detalle_proyecto d on f.detalle_proyecto_idDetalle_proyecto=d.idDetalle_proyecto where d.proyecto_numero_orden=orden AND d.idDetalle_proyecto=detalle and f.Procesos_idproceso=lector and f.estado_idestado=4);

ELSE
 IF busqueda=2 THEN
 
 SET id=(SELECT f.cantidad_terminada from detalle_teclados f JOIN detalle_proyecto d on f.detalle_proyecto_idDetalle_proyecto=d.idDetalle_proyecto where d.proyecto_numero_orden=orden AND d.idDetalle_proyecto=detalle and f.Procesos_idproceso=lector and f.estado_idestado=4);
 
 ELSE
  IF busqueda=3 THEN
  
  SET id=(SELECT f.cantidad_terminada from detalle_ensamble f JOIN detalle_proyecto d on f.detalle_proyecto_idDetalle_proyecto=d.idDetalle_proyecto where d.proyecto_numero_orden=orden AND d.idDetalle_proyecto=detalle and f.Procesos_idproceso=lector and f.estado_idestado=4);
  
  END IF; 
 END IF;
END IF;
set can=(select d.canitadad_total FROM detalle_proyecto d WHERE d.idDetalle_proyecto=detalle);

SELECT can as contidad_total,id as cantidad_proceso;
END$$

CREATE DEFINER=`root`@`localhost` PROCEDURE `PA_ValidarCantidadPNCOrigen` (IN `orden` INT, IN `detalle` INT, IN `op` INT, IN `tipo` INT, IN `negocio` INT)  NO SQL
BEGIN

IF op=1 THEN

 SELECT d.canitadad_total FROM detalle_proyecto d WHERE d.proyecto_numero_orden=orden and d.idDetalle_proyecto=detalle;

else

SELECT d.canitadad_total FROM detalle_proyecto d WHERE d.proyecto_numero_orden=orden and d.PNC=0 and d.negocio_idnegocio=negocio AND d.tipo_negocio_idtipo_negocio=tipo;

END IF;

END$$

CREATE DEFINER=`root`@`localhost` PROCEDURE `PA_ValidarDetalleProyectoQR` (IN `orden` INT, IN `area` INT, IN `producto` INT)  NO SQL
BEGIN

IF EXISTS(SELECT * FROM detalle_proyecto dp WHERE dp.proyecto_numero_orden=orden AND dp.negocio_idnegocio=area AND dp.tipo_negocio_idtipo_negocio=producto) THEN
#Si ya existe devuelva un falseSELECT 0;
ELSE
#si no existe devuelve un true SELECT 1;
END IF;

END$$

CREATE DEFINER=`root`@`localhost` PROCEDURE `PA_ValidarEstadoProyecto` (IN `detalle` INT, IN `negocio` INT)  NO SQL
BEGIN

IF EXISTS(SELECT * FROM detalle_proyecto dp WHERE dp.estado_idestado=3 AND dp.idDetalle_proyecto=detalle)  THEN

 IF negocio=1 THEN
  #Formato estandar  SELECT df.tiempo_por_unidad FROM detalle_formato_estandar df WHERE df.detalle_proyecto_idDetalle_proyecto=detalle AND df.tiempo_por_unidad!='00:00';
 ELSE
  IF negocio=2 THEN
   #Teclados   SELECT df.tiempo_por_unidad FROM detalle_teclados df WHERE df.detalle_proyecto_idDetalle_proyecto=detalle AND df.tiempo_por_unidad!='00:00';
   ELSE
   #Ensamble   SELECT df.tiempo_por_unidad FROM detalle_ensamble df WHERE df.detalle_proyecto_idDetalle_proyecto=detalle AND df.tiempo_por_unidad!='00:00';
  END IF;
 END IF;
END IF;

END$$

CREATE DEFINER=`root`@`localhost` PROCEDURE `PA_validarPNC` (IN `orden` INT, IN `proceso` VARCHAR(30))  NO SQL
BEGIN

SELECT p.idDetalle_proyecto FROM detalle_proyecto p WHERE p.ubicacion=proceso and p.proyecto_numero_orden=orden;

END$$

CREATE DEFINER=`root`@`localhost` PROCEDURE `PA_ValidarProyectoQR` (IN `orden` INT)  NO SQL
BEGIN

IF EXISTS(SELECT * FROM proyecto p WHERE p.numero_orden=orden) THEN
#Si ya existe la ordenSELECT 0;
ELSE
#La orden no existeSELECT 1;
END IF;

END$$

CREATE DEFINER=`root`@`localhost` PROCEDURE `PA_ValidarUbicacionPNC` (IN `orden` INT, IN `ubicacion` VARCHAR(50), IN `detalle` INT)  NO SQL
BEGIN

IF EXISTS(SELECT * FROM detalle_proyecto d WHERE d.proyecto_numero_orden=orden AND d.PNC=1 and d.ubicacion=ubicacion AND d.idDetalle_proyecto=detalle) THEN
SELECT d.idDetalle_proyecto FROM detalle_proyecto d WHERE d.proyecto_numero_orden=orden AND d.PNC=1 and d.ubicacion=ubicacion AND d.idDetalle_proyecto=detalle;

ELSE

SELECT 0;

END IF;

END$$

--
-- Funciones
--
CREATE DEFINER=`root`@`localhost` FUNCTION `FU_ActualizarEstado` (`doc` VARCHAR(13), `est` BOOLEAN) RETURNS TINYINT(1) NO SQL
BEGIN
DECLARE val varchar(13);
set val= (SELECT numero_documento from usuario where numero_documento=doc);

IF val=doc THEN
UPDATE usuario SET estado=est WHERE numero_documento=doc;
RETURN 1;
ELSE
RETURN 0;
END IF;
END$$

CREATE DEFINER=`root`@`localhost` FUNCTION `FU_CambiarContrase침a` (`doc` VARCHAR(13), `contra` VARCHAR(20), `anti` VARCHAR(20)) RETURNS TINYINT(1) NO SQL
BEGIN
DECLARE var varchar(20);
set var=(SELECT u.contrae침a FROM usuario u WHERE u.numero_documento = doc);
IF var=anti THEN
UPDATE usuario u SET u.contrae침a=contra WHERE u.numero_documento=doc;
RETURN 1;
ELSE
RETURN 0;
END IF;
END$$

CREATE DEFINER=`root`@`localhost` FUNCTION `FU_EliminarDetalleProyectoEnsamble` (`iddetalle` INT, `orden` INT) RETURNS TINYINT(1) NO SQL
BEGIN
DECLARE cantidad int;
SET cantidad=(SELECT count(*) from detalle_ensamble f INNER JOIN detalle_proyecto d  WHERE f.detalle_proyecto_idDetalle_proyecto=iddetalle AND f.fecha_inicio is not null and d.proyecto_numero_orden=orden);

IF cantidad=0 THEN
DELETE FROM `detalle_ensamble` WHERE detalle_proyecto_idDetalle_proyecto=iddetalle;

DELETE FROM `detalle_proyecto` WHERE idDetalle_proyecto=iddetalle;
#CALL PA_CambiarEstadoDeProductos(3,iddetalle);RETURN 1;
ELSE
RETURN 0;
END IF;
END$$

CREATE DEFINER=`root`@`localhost` FUNCTION `FU_EliminarDetalleProyectoFormatoestandar` (`iddetalle` INT, `orden` INT) RETURNS TINYINT(1) NO SQL
BEGIN
DECLARE cantidad int;
SET cantidad=(SELECT count(*) from detalle_formato_estandar f INNER JOIN detalle_proyecto d  WHERE f.detalle_proyecto_idDetalle_proyecto=iddetalle AND f.fecha_inicio is not null and d.proyecto_numero_orden=orden);

IF cantidad=0 THEN
DELETE FROM `detalle_formato_estandar` WHERE detalle_proyecto_idDetalle_proyecto=iddetalle;

DELETE FROM `detalle_proyecto` WHERE idDetalle_proyecto=iddetalle;
#CALL PA_CambiarEstadoDeProductos(1,iddetalle);RETURN 1;
ELSE
RETURN 0;
END IF;
END$$

CREATE DEFINER=`root`@`localhost` FUNCTION `FU_EliminarDetalleProyectoTeclados` (`iddetalle` INT, `orden` INT) RETURNS TINYINT(1) NO SQL
BEGIN
DECLARE cantidad int;
SET cantidad=(SELECT count(*) from detalle_teclados f INNER JOIN detalle_proyecto d  WHERE f.detalle_proyecto_idDetalle_proyecto=iddetalle AND f.fecha_inicio is not null and d.proyecto_numero_orden=orden);

IF cantidad=0 THEN
DELETE FROM `detalle_teclados` WHERE detalle_proyecto_idDetalle_proyecto=iddetalle;

DELETE FROM `detalle_proyecto` WHERE idDetalle_proyecto=iddetalle;
#CALL PA_CambiarEstadoDeProductos(2,iddetalle);RETURN 1;
ELSE
RETURN 0;
END IF;
END$$

CREATE DEFINER=`root`@`localhost` FUNCTION `FU_IniciarSesion` (`usuario` VARCHAR(13), `pasw` VARCHAR(20)) RETURNS TINYINT(2) NO SQL
BEGIN
DECLARE val varchar(13);
DECLARE car int;
SET val=(SELECT u.numero_documento from usuario u WHERE u.numero_documento=usuario AND u.contrae침a= pasw AND estado=1);
if val!='' THEN
set car=(SELECT cargo_idcargo FROM usuario WHERE numero_documento = usuario);
  RETURN car;
ELSE
  RETURN 0;
END IF;
END$$

CREATE DEFINER=`root`@`localhost` FUNCTION `FU_InsertarModificarUsuar` (`_doc` VARCHAR(13), `_tipo` VARCHAR(3), `_nombre` VARCHAR(30), `_apellido` VARCHAR(30), `_cargo` TINYINT, `_estado` TINYINT, `op` TINYINT, `rec` VARCHAR(10)) RETURNS TINYINT(1) READS SQL DATA
BEGIN
 DECLARE val varchar(13);
if op=1 THEN
SET val=(SELECT numero_documento FROM usuario WHERE    numero_documento=_doc);
  IF val=_doc THEN
     RETURN 0;
 ELSE 
     INSERT INTO        usuario(numero_documento,tipo_documento,nombres,apellidos,cargo_idcargo,estado,contrae침a,recuperacion)   VALUES (_doc,_tipo,_nombre,_apellido,_cargo,_estado,_doc,rec);
  return 1;
  
END IF;
ELSE
UPDATE usuario SET tipo_documento=_tipo,nombres=_nombre, apellidos=_apellido, cargo_idcargo=_cargo,estado=_estado where  numero_documento=_doc;
RETURN 1;
END IF;
END$$

CREATE DEFINER=`root`@`localhost` FUNCTION `FU_ModificarDetalleProyecto` (`orden` INT, `idDetalle` INT, `cantidad` VARCHAR(6), `material` VARCHAR(6), `negocio` INT, `ubicacion` VARCHAR(25)) RETURNS TINYINT(1) NO SQL
BEGIN
UPDATE detalle_proyecto dp SET dp.canitadad_total=cantidad,dp.material=material,dp.ubicacion=ubicacion WHERE idDetalle_proyecto=idDetalle and proyecto_numero_orden=orden;
CALL PA_CambiarEstadoDeProductos(negocio,idDetalle);
RETURN 1;
END$$

CREATE DEFINER=`root`@`localhost` FUNCTION `FU_RegistrarDetalleProyecto` (`orden` INT(11), `tipoNegocio` VARCHAR(20), `cantidad` VARCHAR(6), `negocio` VARCHAR(20), `estado` TINYINT(1), `material` VARCHAR(6), `pnc` TINYINT(1), `ubic` VARCHAR(30)) RETURNS TINYINT(1) NO SQL
BEGIN
IF material != '' THEN
INSERT INTO `detalle_proyecto`(`tipo_negocio_idtipo_negocio`, `canitadad_total`, `proyecto_numero_orden`, `negocio_idnegocio`, `estado_idestado`,`material`,`PNC`,`ubicacion`) VALUES ((SELECT idtipo_negocio from tipo_negocio where nombre =tipoNegocio),cantidad,orden,(SELECT idnegocio FROM negocio WHERE nom_negocio =negocio),estado,material,pnc,ubic);
RETURN 1;
ELSE
INSERT INTO `detalle_proyecto`(`tipo_negocio_idtipo_negocio`, `canitadad_total`, `proyecto_numero_orden`, `negocio_idnegocio`, `estado_idestado`,`PNC`,`ubicacion`) VALUES ((SELECT idtipo_negocio from tipo_negocio where nombre =tipoNegocio),cantidad,orden,(SELECT idnegocio FROM negocio WHERE nom_negocio =negocio),estado,pnc,ubic);
RETURN 1;
END IF;
END$$

CREATE DEFINER=`root`@`localhost` FUNCTION `FU_RegistrarModificarProyecto` (`doc` VARCHAR(13), `cliente` VARCHAR(45), `proyecto` VARCHAR(45), `tipo` VARCHAR(6), `fe` TINYINT(1), `te` TINYINT(1), `inte` TINYINT(1), `pcbfe` TINYINT(1), `pcbte` TINYINT(1), `conv` TINYINT(1), `rep` TINYINT(1), `tro` TINYINT(1), `st` TINYINT(1), `lexan` TINYINT(1), `entrega` VARCHAR(11), `ruteo` TINYINT(1), `anti` TINYINT(1), `norden` INT, `op` TINYINT(1), `ruteoP` TINYINT(1), `antiP` TINYINT(1)) RETURNS TINYINT(11) NO SQL
IF op=1 THEN

INSERT INTO `proyecto`(`numero_orden`,`usuario_numero_documento`, `nombre_cliente`, `nombre_proyecto`, `tipo_proyecto`, `FE`, `TE`, `IN`, `pcb_FE`, `pcb_TE`, `Conversor`, `Repujado`, `troquel`, `stencil`, `lexan`, `fecha_ingreso`, `fecha_entrega`, `ruteoC`, `antisolderC`, `estado_idestado`,`ruteoP`,`antisolderP`) VALUES (norden,doc,cliente,proyecto,tipo,fe,te,inte,pcbfe,pcbte,conv,rep,tro,st,lexan,(SELECT now()),entrega,ruteo,anti,1,ruteoP,antiP);
RETURN 1;
ELSE 
 UPDATE `proyecto` SET `nombre_cliente`=cliente,`nombre_proyecto`=proyecto,`tipo_proyecto`=tipo,`FE`=fe,`TE`=te,`IN`=inte,`pcb_FE`=pcbfe,`pcb_TE`=pcbte,`Conversor`=conv,`Repujado`=rep,`troquel`=tro,`stencil`=st,`lexan`=lexan,`fecha_entrega`=entrega,`ruteoC`=ruteo,`antisolderC`=anti,`ruteoP`=ruteoP,`antisolderP`=antiP WHERE numero_orden=norden;
RETURN 1;
END IF$$

CREATE DEFINER=`root`@`localhost` FUNCTION `FU_ReiniciarTiempo` (`detalle` INT, `negocio` INT) RETURNS TINYINT(1) NO SQL
BEGIN
DECLARE cantidadp int;
DECLARE detalleN int;


IF negocio=1 THEN
#Formato estandarUPDATE `detalle_formato_estandar` SET `tiempo_por_unidad`= "00:00",`tiempo_total_por_proceso`="00:00",`cantidad_terminada`=0,`fecha_inicio`=null,`fecha_fin`=null,`estado_idestado`=1,`hora_ejecucion`=null,`hora_terminacion`=null WHERE `idDetalle_formato_estandar`=detalle;
#Se actualizan la cantidad de proyectos que estan en diferentes estados de los proyectos de FESET detalleN =(SELECT d.detalle_proyecto_idDetalle_proyecto FROM detalle_formato_estandar d WHERE d.idDetalle_formato_estandar=detalle);

 SET cantidadp =(SELECT COUNT(*) FROM detalle_formato_estandar d WHERE  d.detalle_proyecto_idDetalle_proyecto=(detalleN) AND d.estado_idestado=1);

UPDATE detalle_proyecto SET pro_porIniciar=cantidadp WHERE idDetalle_proyecto=detalleN;

SET cantidadp =(SELECT COUNT(*) FROM detalle_formato_estandar d WHERE  d.detalle_proyecto_idDetalle_proyecto=(detalleN) AND d.estado_idestado=2);

UPDATE detalle_proyecto SET pro_Pausado=cantidadp WHERE idDetalle_proyecto=detalleN;

SET cantidadp =(SELECT COUNT(*) FROM detalle_formato_estandar d WHERE  d.detalle_proyecto_idDetalle_proyecto=(detalleN) AND d.estado_idestado=4);

UPDATE detalle_proyecto SET pro_Ejecucion=cantidadp WHERE idDetalle_proyecto=detalleN;

SET cantidadp =(SELECT COUNT(*) FROM detalle_formato_estandar d WHERE  d.detalle_proyecto_idDetalle_proyecto=(detalleN) AND d.estado_idestado=3);

UPDATE detalle_proyecto SET pro_Terminado=cantidadp WHERE idDetalle_proyecto=detalleN;
#Se cambia del detalle del proyectoCALL PA_CambiarEstadoDeProductos(negocio,detalleN);
  RETURN 1;
ELSE
 IF negocio=2 THEN
 #TecladosUPDATE `detalle_teclados` SET `tiempo_por_unidad`= "00:00",`tiempo_total_proceso`="00:00",`cantidad_terminada`=0,`fecha_inicio`=null,`fecha_fin`=null,`estado_idestado`=1,`hora_ejecucion`=null,`hora_terminacion`=null WHERE `idDetalle_teclados`=detalle;
#Se actualizan la cantidad de proyectos que estan en diferentes estados de los proyectos de TESET detalleN =(SELECT d.detalle_proyecto_idDetalle_proyecto FROM detalle_teclados d WHERE d.idDetalle_teclados=detalle);

 SET cantidadp =(SELECT COUNT(*) FROM detalle_teclados d WHERE  d.detalle_proyecto_idDetalle_proyecto=(detalleN) AND d.estado_idestado=1);

UPDATE detalle_proyecto SET pro_porIniciar=cantidadp WHERE idDetalle_proyecto=detalleN;

SET cantidadp =(SELECT COUNT(*) FROM detalle_teclados d WHERE  d.detalle_proyecto_idDetalle_proyecto=(detalleN) AND d.estado_idestado=2);

UPDATE detalle_proyecto SET pro_Pausado=cantidadp WHERE idDetalle_proyecto=detalleN;

SET cantidadp =(SELECT COUNT(*) FROM detalle_teclados d WHERE  d.detalle_proyecto_idDetalle_proyecto=(detalleN) AND d.estado_idestado=4);

UPDATE detalle_proyecto SET pro_Ejecucion=cantidadp WHERE idDetalle_proyecto=detalleN;

SET cantidadp =(SELECT COUNT(*) FROM detalle_teclados d WHERE  d.detalle_proyecto_idDetalle_proyecto=(detalleN) AND d.estado_idestado=3);

UPDATE detalle_proyecto SET pro_Terminado=cantidadp WHERE idDetalle_proyecto=detalleN;
#Se cambia del detalle del proyectoCALL PA_CambiarEstadoDeProductos(negocio,detalleN);
 RETURN 1;
 ELSE
  #EnsambleUPDATE `detalle_ensamble` SET `tiempo_por_unidad`= "00:00",`tiempo_total_por_proceso`="00:00",`cantidad_terminada`=0,`fecha_inicio`=null,`fecha_fin`=null,`estado_idestado`=1,`hora_ejecucion`=null,`hora_terminacion`=null WHERE `idDetalle_ensamble`=detalle;
#Se actualizan la cantidad de proyectos que estan en diferentes estados de los proyectos de ENSET detalleN =(SELECT d.detalle_proyecto_idDetalle_proyecto FROM detalle_ensamble d WHERE d.idDetalle_ensamble=detalle);

 SET cantidadp =(SELECT COUNT(*) FROM detalle_ensamble d WHERE  d.detalle_proyecto_idDetalle_proyecto=(detalleN) AND d.estado_idestado=1);

UPDATE detalle_proyecto SET pro_porIniciar=cantidadp WHERE idDetalle_proyecto=detalleN;

SET cantidadp =(SELECT COUNT(*) FROM detalle_ensamble d WHERE  d.detalle_proyecto_idDetalle_proyecto=(detalleN) AND d.estado_idestado=2);

UPDATE detalle_proyecto SET pro_Pausado=cantidadp WHERE idDetalle_proyecto=detalleN;

SET cantidadp =(SELECT COUNT(*) FROM detalle_ensamble d WHERE  d.detalle_proyecto_idDetalle_proyecto=(detalleN) AND d.estado_idestado=4);

UPDATE detalle_proyecto SET pro_Ejecucion=cantidadp WHERE idDetalle_proyecto=detalleN;

SET cantidadp =(SELECT COUNT(*) FROM detalle_ensamble d WHERE  d.detalle_proyecto_idDetalle_proyecto=(detalleN) AND d.estado_idestado=3);

UPDATE detalle_proyecto SET pro_Terminado=cantidadp WHERE idDetalle_proyecto=detalleN;
#Se cambia del detalle del proyectoCALL PA_CambiarEstadoDeProductos(negocio,detalleN);
  RETURN 1;
 END IF;
END IF;

END$$

CREATE DEFINER=`root`@`localhost` FUNCTION `FU_validarActividad` (`doc` VARCHAR(13)) RETURNS INT(11) NO SQL
BEGIN

IF EXISTS(SELECT u.numero_documento from usuario u WHERE u.numero_documento=doc and u.sesion=1) THEN
RETURN 1;
ELSE
RETURN 0;
END IF;

END$$

CREATE DEFINER=`root`@`localhost` FUNCTION `FU_validarEliminacion` (`iddetalle` INT, `orden` INT, `tipo` INT, `busqueda` INT) RETURNS TINYINT(1) NO SQL
BEGIN
#VariablesDECLARE cantidad int;

IF busqueda=1 THEN
 #Formato estandar SET cantidad=(SELECT count(*) from detalle_formato_estandar f INNER JOIN detalle_proyecto d  WHERE f.detalle_proyecto_idDetalle_proyecto=iddetalle AND f.fecha_inicio is not null and d.proyecto_numero_orden=orden);   
IF cantidad=0 THEN
RETURN 1;
ELSE
RETURN 0;
END IF;
 #Fin de formato estandarELSE
 IF busqueda=2 THEN
 #TecladosSET cantidad=(SELECT count(*) from detalle_teclados f INNER JOIN detalle_proyecto d  WHERE f.detalle_proyecto_idDetalle_proyecto=iddetalle AND f.fecha_inicio is not null and d.proyecto_numero_orden=orden);
IF cantidad=0 THEN
RETURN 1;
ELSE
RETURN 0;
END IF;
 #Fin de teclados ELSE
  IF busqueda=3 THEN
  #Ensamble  SET cantidad=(SELECT count(*) from detalle_ensamble f INNER JOIN detalle_proyecto d  WHERE f.detalle_proyecto_idDetalle_proyecto=iddetalle AND f.fecha_inicio is not null and d.proyecto_numero_orden=orden);

IF cantidad=0 THEN
RETURN 1;
ELSE
RETURN 0;
END IF;
  #Fin de ensamble  END IF;
 END if;
END IF;

END$$

CREATE DEFINER=`root`@`localhost` FUNCTION `FU_ValidarEstadoEliminado` (`orden` INT) RETURNS TINYINT(1) NO SQL
BEGIN

IF EXISTS(SELECT * FROM proyecto p WHERE p.numero_orden=orden AND p.eliminacion=1) THEN
#Si el proyecto no esta eliminado retorna un true.RETURN 1;
ELSE
#Si el proyecto esta eliminado retorna un falseRETURN 0;
END IF;

END$$

CREATE DEFINER=`root`@`localhost` FUNCTION `FU_ValidarNumerOrden` (`orden` INT) RETURNS TINYINT(1) NO SQL
BEGIN

IF EXISTS(SELECT * FROM proyecto d WHERE d.numero_orden=orden) THEN
# si el proyecto con ese numero de orden existe retorna un trueRETURN 1;
ELSE
# si el proyecto con ese numero de orden no existe retorna un falseRETURN 0;
END IF;

END$$

CREATE DEFINER=`root`@`localhost` FUNCTION `FU_ValidarTomaDeTiempo` (`orden` INT, `detalle` INT, `lector` INT, `busqueda` INT) RETURNS TINYINT(1) NO SQL
BEGIN

DECLARE id int;

IF busqueda=1 THEN
SET id=(SELECT f.idDetalle_formato_estandar from detalle_formato_estandar f JOIN detalle_proyecto d on f.detalle_proyecto_idDetalle_proyecto=d.idDetalle_proyecto where d.proyecto_numero_orden=orden AND d.idDetalle_proyecto=detalle and f.Procesos_idproceso=lector and f.estado_idestado=4);
ELSE
  IF busqueda=2 THEN
SET id=(SELECT f.idDetalle_teclados from 
detalle_teclados f JOIN detalle_proyecto d on f.detalle_proyecto_idDetalle_proyecto=d.idDetalle_proyecto where d.proyecto_numero_orden=orden AND d.idDetalle_proyecto=detalle and f.Procesos_idproceso=lector and f.estado_idestado=4);
  ELSE 
    IF busqueda=3 THEN
    SET id=(SELECT f.idDetalle_ensamble from 
detalle_ensamble f JOIN detalle_proyecto d on f.detalle_proyecto_idDetalle_proyecto=d.idDetalle_proyecto where d.proyecto_numero_orden=orden AND d.idDetalle_proyecto=detalle and f.Procesos_idproceso=lector and f.estado_idestado=4);
    END IF;
  END IF;
END IF;

IF id !='null' THEN
RETURN 1;
ELSE
RETURN 0;
END IF;

END$$

DELIMITER ;

-- --------------------------------------------------------

--
-- Estructura de tabla para la tabla `cargo`
--

CREATE TABLE `cargo` (
  `idcargo` tinyint(4) NOT NULL,
  `nombre` varchar(30) NOT NULL
) ENGINE=InnoDB DEFAULT CHARSET=utf8;

--
-- Volcado de datos para la tabla `cargo`
--

INSERT INTO `cargo` (`idcargo`, `nombre`) VALUES
(1, 'Gestor Comercial'),
(2, 'Encargado de FE y TE'),
(3, 'Encargado de EN'),
(4, 'Administrador');

-- --------------------------------------------------------

--
-- Estructura de tabla para la tabla `detalle_ensamble`
--

CREATE TABLE `detalle_ensamble` (
  `idDetalle_ensamble` smallint(6) NOT NULL,
  `tiempo_por_unidad` varchar(6) DEFAULT NULL,
  `tiempo_total_por_proceso` varchar(10) DEFAULT '00:00',
  `cantidad_terminada` varchar(6) DEFAULT NULL,
  `fecha_inicio` date DEFAULT NULL,
  `fecha_fin` date DEFAULT NULL,
  `detalle_proyecto_idDetalle_proyecto` int(11) NOT NULL,
  `Procesos_idproceso` tinyint(4) NOT NULL,
  `estado_idestado` tinyint(4) NOT NULL,
  `hora_ejecucion` time DEFAULT NULL,
  `hora_terminacion` time DEFAULT NULL
) ENGINE=InnoDB DEFAULT CHARSET=utf8;

--
-- Volcado de datos para la tabla `detalle_ensamble`
--

INSERT INTO `detalle_ensamble` (`idDetalle_ensamble`, `tiempo_por_unidad`, `tiempo_total_por_proceso`, `cantidad_terminada`, `fecha_inicio`, `fecha_fin`, `detalle_proyecto_idDetalle_proyecto`, `Procesos_idproceso`, `estado_idestado`, `hora_ejecucion`, `hora_terminacion`) VALUES
(99, '00:00', '00:00', '0', NULL, NULL, 287, 15, 1, NULL, NULL),
(100, '00:00', '00:00', '0', NULL, NULL, 287, 16, 1, NULL, NULL),
(101, '00:00', '00:00', '0', NULL, NULL, 287, 17, 1, NULL, NULL),
(102, '00:00', '00:00', '0', NULL, NULL, 287, 18, 1, NULL, NULL),
(103, '00:00', '00:00', '0', NULL, NULL, 287, 19, 1, NULL, NULL),
(104, '00:00', '00:00', '0', NULL, NULL, 287, 20, 1, NULL, NULL),
(105, '00:00', '00:00', '0', NULL, NULL, 287, 21, 1, NULL, NULL),
(106, '00:00', '00:00', '0', NULL, NULL, 289, 15, 1, NULL, NULL),
(107, '00:00', '00:00', '0', NULL, NULL, 289, 16, 1, NULL, NULL),
(108, '00:00', '00:00', '0', NULL, NULL, 289, 17, 1, NULL, NULL),
(109, '00:00', '00:00', '0', NULL, NULL, 289, 18, 1, NULL, NULL),
(110, '00:00', '00:00', '0', NULL, NULL, 289, 19, 1, NULL, NULL),
(111, '00:00', '00:00', '0', NULL, NULL, 289, 20, 1, NULL, NULL),
(112, '00:00', '00:00', '0', NULL, NULL, 289, 21, 1, NULL, NULL),
(113, '00:00', '00:00', '0', NULL, NULL, 292, 15, 1, NULL, NULL),
(114, '00:00', '00:00', '0', NULL, NULL, 292, 16, 1, NULL, NULL),
(115, '00:00', '00:00', '0', NULL, NULL, 292, 17, 1, NULL, NULL),
(116, '00:00', '00:00', '0', NULL, NULL, 292, 18, 1, NULL, NULL),
(117, '00:00', '00:00', '0', NULL, NULL, 292, 19, 1, NULL, NULL),
(118, '00:00', '00:00', '0', NULL, NULL, 292, 20, 1, NULL, NULL),
(119, '00:00', '00:00', '0', NULL, NULL, 292, 21, 1, NULL, NULL),
(127, '00:00', '00:00', '0', NULL, NULL, 300, 15, 1, NULL, NULL),
(128, '00:00', '00:00', '0', NULL, NULL, 300, 16, 1, NULL, NULL),
(129, '00:00', '00:00', '0', NULL, NULL, 300, 17, 1, NULL, NULL),
(130, '00:00', '00:00', '0', NULL, NULL, 300, 18, 1, NULL, NULL),
(131, '00:00', '00:00', '0', NULL, NULL, 300, 19, 1, NULL, NULL),
(132, '00:00', '00:00', '0', NULL, NULL, 300, 20, 1, NULL, NULL),
(133, '00:00', '00:00', '0', NULL, NULL, 300, 21, 1, NULL, NULL);

-- --------------------------------------------------------

--
-- Estructura de tabla para la tabla `detalle_formato_estandar`
--

CREATE TABLE `detalle_formato_estandar` (
  `idDetalle_formato_estandar` smallint(6) NOT NULL,
  `tiempo_por_unidad` varchar(6) DEFAULT NULL,
  `tiempo_total_por_proceso` varchar(10) DEFAULT '00:00',
  `cantidad_terminada` varchar(6) DEFAULT NULL,
  `fecha_inicio` date DEFAULT NULL,
  `fecha_fin` date DEFAULT NULL,
  `detalle_proyecto_idDetalle_proyecto` int(11) NOT NULL,
  `Procesos_idproceso` tinyint(4) NOT NULL,
  `estado_idestado` tinyint(4) NOT NULL,
  `hora_ejecucion` time DEFAULT NULL,
  `hora_terminacion` time DEFAULT NULL
) ENGINE=InnoDB DEFAULT CHARSET=utf8;

--
-- Volcado de datos para la tabla `detalle_formato_estandar`
--

INSERT INTO `detalle_formato_estandar` (`idDetalle_formato_estandar`, `tiempo_por_unidad`, `tiempo_total_por_proceso`, `cantidad_terminada`, `fecha_inicio`, `fecha_fin`, `detalle_proyecto_idDetalle_proyecto`, `Procesos_idproceso`, `estado_idestado`, `hora_ejecucion`, `hora_terminacion`) VALUES
(1239, '00:51', '00:51', '1', '2017-12-13', '2017-12-13', 288, 1, 3, '16:09:43', '16:09:51'),
(1240, '00:07', '00:07', '1', '2017-12-13', '2017-12-13', 288, 2, 3, '16:12:27', '16:12:34'),
(1241, '00:03', '00:03', '1', '2017-12-13', '2017-12-13', 288, 3, 3, '16:12:41', '16:12:44'),
(1242, '00:03', '00:03', '1', '2017-12-13', '2017-12-13', 288, 4, 3, '16:12:53', '16:12:56'),
(1243, '00:02', '00:02', '1', '2017-12-13', '2017-12-13', 288, 5, 3, '16:13:03', '16:13:05'),
(1244, '00:02', '00:02', '1', '2017-12-13', '2017-12-13', 288, 6, 3, '16:13:15', '16:13:17'),
(1245, '00:03', '00:03', '1', '2017-12-13', '2017-12-13', 288, 7, 3, '16:14:07', '16:14:10'),
(1246, '00:02', '00:02', '1', '2017-12-13', '2017-12-13', 288, 8, 3, '16:14:16', '16:14:18'),
(1247, '00:02', '00:02', '1', '2017-12-13', '2017-12-13', 288, 10, 3, '16:14:24', '16:14:26'),
(1248, '00:51', '00:51', '1', '2017-12-13', '2017-12-13', 290, 1, 3, '16:05:40', '16:06:31'),
(1249, '00:05', '00:54', '10', '2017-12-13', '2017-12-13', 291, 1, 3, '16:58:47', '16:58:52'),
(1250, '00:07', '01:11', '10', '2017-12-13', '2017-12-13', 291, 2, 3, '16:58:59', '16:59:01'),
(1251, '00:00', '00:00', '0', NULL, NULL, 291, 3, 1, NULL, NULL),
(1252, '00:00', '00:00', '0', NULL, NULL, 291, 4, 1, NULL, NULL),
(1253, '00:00', '00:00', '0', NULL, NULL, 291, 5, 1, NULL, NULL),
(1254, '00:00', '00:00', '0', NULL, NULL, 291, 6, 1, NULL, NULL),
(1255, '00:00', '00:00', '0', NULL, NULL, 291, 7, 1, NULL, NULL),
(1256, '00:00', '00:00', '0', NULL, NULL, 291, 8, 1, NULL, NULL),
(1257, '00:00', '00:00', '0', NULL, NULL, 291, 10, 1, NULL, NULL),
(1277, '00:00', '11:10', '0', '2017-12-14', NULL, 301, 1, 2, '14:17:02', '14:18:22'),
(1278, '00:00', '00:00', '0', NULL, NULL, 301, 2, 1, NULL, NULL),
(1279, '00:00', '00:00', '0', NULL, NULL, 301, 3, 1, NULL, NULL),
(1280, '00:00', '00:00', '0', NULL, NULL, 301, 4, 1, NULL, NULL),
(1281, '00:00', '00:00', '0', NULL, NULL, 301, 5, 1, NULL, NULL),
(1282, '00:00', '00:00', '0', NULL, NULL, 301, 6, 1, NULL, NULL),
(1283, '00:00', '00:00', '0', NULL, NULL, 301, 7, 1, NULL, NULL),
(1284, '00:00', '00:00', '0', NULL, NULL, 301, 8, 1, NULL, NULL),
(1285, '00:00', '00:00', '0', NULL, NULL, 301, 9, 1, NULL, NULL),
(1286, '00:00', '00:00', '0', NULL, NULL, 301, 10, 1, NULL, NULL);

-- --------------------------------------------------------

--
-- Estructura de tabla para la tabla `detalle_proyecto`
--

CREATE TABLE `detalle_proyecto` (
  `idDetalle_proyecto` int(11) NOT NULL,
  `tipo_negocio_idtipo_negocio` tinyint(4) NOT NULL,
  `canitadad_total` varchar(6) NOT NULL,
  `material` varchar(6) DEFAULT NULL,
  `proyecto_numero_orden` int(11) NOT NULL,
  `negocio_idnegocio` tinyint(4) NOT NULL,
  `estado_idestado` tinyint(4) NOT NULL,
  `PNC` tinyint(1) NOT NULL,
  `ubicacion` varchar(25) DEFAULT NULL,
  `pro_porIniciar` tinyint(10) DEFAULT '0',
  `pro_Ejecucion` tinyint(10) DEFAULT '0',
  `pro_Pausado` tinyint(10) DEFAULT '0',
  `pro_Terminado` tinyint(10) DEFAULT '0',
  `tiempo_total` varchar(20) DEFAULT NULL,
  `Total_timepo_Unidad` varchar(20) DEFAULT NULL
) ENGINE=InnoDB DEFAULT CHARSET=utf8;

--
-- Volcado de datos para la tabla `detalle_proyecto`
--

INSERT INTO `detalle_proyecto` (`idDetalle_proyecto`, `tipo_negocio_idtipo_negocio`, `canitadad_total`, `material`, `proyecto_numero_orden`, `negocio_idnegocio`, `estado_idestado`, `PNC`, `ubicacion`, `pro_porIniciar`, `pro_Ejecucion`, `pro_Pausado`, `pro_Terminado`, `tiempo_total`, `Total_timepo_Unidad`) VALUES
(287, 1, '1', NULL, 29001, 3, 1, 0, NULL, 7, 0, 0, 0, NULL, NULL),
(288, 1, '1', 'TH', 29002, 1, 3, 0, NULL, 0, 0, 0, 9, '01:15', '01:15'),
(289, 1, '1', NULL, 29002, 3, 1, 0, NULL, 7, 0, 0, 0, NULL, NULL),
(290, 6, '1', NULL, 29002, 1, 3, 0, NULL, 0, 0, 0, 1, '00:51', '00:51'),
(291, 1, '10', 'TH', 29003, 1, 2, 0, NULL, 7, 0, 0, 2, '02:05', NULL),
(292, 1, '10', NULL, 29003, 3, 1, 0, NULL, 7, 0, 0, 0, NULL, NULL),
(300, 1, '12', NULL, 29005, 3, 1, 0, NULL, 7, 0, 0, 0, NULL, NULL),
(301, 1, '10', 'TH', 29004, 1, 2, 0, NULL, 9, 0, 1, 0, '11:10', NULL);

-- --------------------------------------------------------

--
-- Estructura de tabla para la tabla `detalle_teclados`
--

CREATE TABLE `detalle_teclados` (
  `idDetalle_teclados` smallint(6) NOT NULL,
  `tiempo_por_unidad` varchar(6) DEFAULT NULL,
  `tiempo_total_proceso` varchar(10) DEFAULT NULL,
  `cantidad_terminada` varchar(6) DEFAULT NULL,
  `fecha_inicio` date DEFAULT NULL,
  `fecha_fin` date DEFAULT NULL,
  `detalle_proyecto_idDetalle_proyecto` int(11) NOT NULL,
  `Procesos_idproceso` tinyint(4) NOT NULL,
  `estado_idestado` tinyint(4) NOT NULL,
  `hora_ejecucion` time DEFAULT NULL,
  `hora_terminacion` time DEFAULT NULL
) ENGINE=InnoDB DEFAULT CHARSET=utf8;

-- --------------------------------------------------------

--
-- Estructura de tabla para la tabla `estado`
--

CREATE TABLE `estado` (
  `idestado` tinyint(4) NOT NULL,
  `nombre` varchar(12) NOT NULL
) ENGINE=InnoDB DEFAULT CHARSET=utf8;

--
-- Volcado de datos para la tabla `estado`
--

INSERT INTO `estado` (`idestado`, `nombre`) VALUES
(4, 'Ejecucion'),
(2, 'Pausado'),
(1, 'Por iniciar'),
(3, 'Terminado');

-- --------------------------------------------------------

--
-- Estructura de tabla para la tabla `negocio`
--

CREATE TABLE `negocio` (
  `idnegocio` tinyint(4) NOT NULL,
  `nom_negocio` varchar(6) NOT NULL,
  `estado` tinyint(1) NOT NULL
) ENGINE=InnoDB DEFAULT CHARSET=utf8;

--
-- Volcado de datos para la tabla `negocio`
--

INSERT INTO `negocio` (`idnegocio`, `nom_negocio`, `estado`) VALUES
(1, 'FE', 1),
(2, 'TE', 1),
(3, 'IN', 1);

-- --------------------------------------------------------

--
-- Estructura de tabla para la tabla `procesos`
--

CREATE TABLE `procesos` (
  `idproceso` tinyint(4) NOT NULL,
  `nombre_proceso` varchar(25) NOT NULL,
  `estado` tinyint(1) NOT NULL,
  `negocio_idnegocio` tinyint(4) NOT NULL
) ENGINE=InnoDB DEFAULT CHARSET=utf8;

--
-- Volcado de datos para la tabla `procesos`
--

INSERT INTO `procesos` (`idproceso`, `nombre_proceso`, `estado`, `negocio_idnegocio`) VALUES
(1, 'Perforado', 1, 1),
(2, 'Quimicos', 1, 1),
(3, 'Caminos', 1, 1),
(4, 'Quemado', 1, 1),
(5, 'C.C.TH', 1, 1),
(6, 'Screen', 1, 1),
(7, 'Esta침ado', 1, 1),
(8, 'C.C.2', 1, 1),
(9, 'Ruteo', 1, 1),
(10, 'Maquinas', 1, 1),
(11, 'Correas y Conversor', 1, 2),
(12, 'Lexan', 1, 2),
(13, 'Acople', 1, 2),
(14, 'Control calidad', 1, 2),
(15, 'Manual', 1, 3),
(16, 'Limpieza', 1, 3),
(17, 'Control Calidad', 1, 3),
(18, 'Empaque', 1, 3),
(19, 'Stencil', 1, 3),
(20, 'Linea', 1, 3),
(21, 'Arnes', 1, 3);

-- --------------------------------------------------------

--
-- Estructura de tabla para la tabla `proyecto`
--

CREATE TABLE `proyecto` (
  `numero_orden` int(11) NOT NULL,
  `usuario_numero_documento` varchar(13) NOT NULL,
  `nombre_cliente` varchar(45) DEFAULT NULL,
  `nombre_proyecto` varchar(45) DEFAULT NULL,
  `tipo_proyecto` varchar(6) DEFAULT NULL,
  `FE` tinyint(1) NOT NULL,
  `TE` tinyint(1) NOT NULL,
  `IN` tinyint(1) NOT NULL,
  `pcb_FE` tinyint(1) NOT NULL,
  `pcb_TE` tinyint(1) NOT NULL,
  `Conversor` tinyint(1) NOT NULL,
  `Repujado` tinyint(1) NOT NULL,
  `troquel` tinyint(1) NOT NULL,
  `stencil` tinyint(1) NOT NULL,
  `lexan` tinyint(1) NOT NULL,
  `fecha_ingreso` datetime NOT NULL,
  `fecha_entrega` date DEFAULT NULL,
  `fecha_salidal` datetime DEFAULT NULL,
  `ruteoC` tinyint(1) DEFAULT NULL,
  `antisolderC` tinyint(1) DEFAULT NULL,
  `estado_idestado` tinyint(4) NOT NULL,
  `antisolderP` tinyint(1) DEFAULT NULL,
  `ruteoP` tinyint(1) DEFAULT NULL,
  `eliminacion` tinyint(1) DEFAULT '1'
) ENGINE=InnoDB DEFAULT CHARSET=utf8;

--
-- Volcado de datos para la tabla `proyecto`
--

INSERT INTO `proyecto` (`numero_orden`, `usuario_numero_documento`, `nombre_cliente`, `nombre_proyecto`, `tipo_proyecto`, `FE`, `TE`, `IN`, `pcb_FE`, `pcb_TE`, `Conversor`, `Repujado`, `troquel`, `stencil`, `lexan`, `fecha_ingreso`, `fecha_entrega`, `fecha_salidal`, `ruteoC`, `antisolderC`, `estado_idestado`, `antisolderP`, `ruteoP`, `eliminacion`) VALUES
(29001, '981130', 'ARISMA S,A', 'Prueba IN', 'Normal', 1, 0, 1, 1, 0, 0, 0, 0, 1, 0, '2017-12-13 15:35:13', '2019-01-04', NULL, 0, 1, 2, 0, 0, 0),
(29002, '981130', ' COLCIRCUITOS', 'PRUEBA IN/FE', 'Normal', 1, 0, 1, 1, 0, 0, 0, 0, 1, 0, '2017-12-13 15:44:14', '2019-01-04', NULL, 0, 1, 2, 0, 0, 0),
(29003, '981130', ' COLCIR', 'PRUEBA VARIAS', 'Normal', 1, 0, 1, 1, 0, 0, 0, 0, 0, 0, '2017-12-13 16:52:45', '2018-12-04', NULL, 0, 1, 2, 0, 0, 0),
(29004, '981130', ' Prueba de solucion de error de estado', 'pruebas de colcircuitos', 'Quick', 1, 0, 0, 1, 0, 0, 0, 0, 0, 0, '2017-12-14 07:46:42', '2017-12-15', NULL, 1, 1, 2, 0, 0, 1),
(29005, '981130', ' juan david marulanda', 'pruebas de  IN a EN', 'Normal', 0, 0, 1, 0, 0, 0, 0, 0, 0, 0, '2017-12-14 13:29:14', '2017-12-14', NULL, 0, 0, 1, 0, 0, 1);

-- --------------------------------------------------------

--
-- Estructura de tabla para la tabla `tipo_negocio`
--

CREATE TABLE `tipo_negocio` (
  `idtipo_negocio` tinyint(4) NOT NULL,
  `nombre` varchar(15) NOT NULL
) ENGINE=InnoDB DEFAULT CHARSET=utf8;

--
-- Volcado de datos para la tabla `tipo_negocio`
--

INSERT INTO `tipo_negocio` (`idtipo_negocio`, `nombre`) VALUES
(1, 'Circuito'),
(2, 'Conversor'),
(3, 'Repujado'),
(4, 'Troquel'),
(5, 'Teclado'),
(6, 'Stencil'),
(7, 'PCB');

-- --------------------------------------------------------

--
-- Estructura de tabla para la tabla `usuario`
--

CREATE TABLE `usuario` (
  `numero_documento` varchar(13) NOT NULL,
  `tipo_documento` varchar(3) NOT NULL,
  `nombres` varchar(30) NOT NULL,
  `apellidos` varchar(30) DEFAULT NULL,
  `cargo_idcargo` tinyint(4) NOT NULL,
  `imagen` longblob,
  `estado` tinyint(1) NOT NULL,
  `contrae침a` varchar(20) NOT NULL,
  `sesion` tinyint(1) DEFAULT '0',
  `recuperacion` varchar(10) DEFAULT NULL
) ENGINE=InnoDB DEFAULT CHARSET=utf8;

--
-- Volcado de datos para la tabla `usuario`
--

INSERT INTO `usuario` (`numero_documento`, `tipo_documento`, `nombres`, `apellidos`, `cargo_idcargo`, `imagen`, `estado`, `contrae침a`, `sesion`, `recuperacion`) VALUES
('109999999', 'CC', 'juan andresa', 'asdasd', 1, NULL, 1, '109999999', 0, 'citg9j-x56'),
('1216727816', 'CC', 'juan david', 'marulanda p', 3, NULL, 1, '1216727816', 0, 'wn-gd7c@5q'),
('981130', 'CC', 'sivia hortensia', 'paniagua gomez', 4, NULL, 1, '981130', 1, '1u-hyppy60'),
('98113053', 'CC', 'Catalina', ' rosario', 1, NULL, 0, '98113053', 0, 'bo3t-amyb침'),
('98113053240', 'CC', 'juan david ', 'marulito', 1, NULL, 1, '98113053240', 0, 'i0s2ienq6p'),
('9813053240', 'CC', 'sergio andresss', 'marulanda', 2, NULL, 1, '9813053240', 0, '-8qa2-x54h'),
('99120101605', 'CC', 'sadasd', 'juan andres', 1, NULL, 1, '99120101605', 0, 'ptaeh3a0ab');

--
-- 칈ndices para tablas volcadas
--

--
-- Indices de la tabla `cargo`
--
ALTER TABLE `cargo`
  ADD PRIMARY KEY (`idcargo`);

--
-- Indices de la tabla `detalle_ensamble`
--
ALTER TABLE `detalle_ensamble`
  ADD PRIMARY KEY (`idDetalle_ensamble`,`detalle_proyecto_idDetalle_proyecto`,`Procesos_idproceso`,`estado_idestado`),
  ADD KEY `fk_detalle_teclados_detalle_proyecto1_idx` (`detalle_proyecto_idDetalle_proyecto`),
  ADD KEY `fk_detalle_ensamble_Procesos1_idx` (`Procesos_idproceso`),
  ADD KEY `fk_detalle_ensamble_estado1_idx` (`estado_idestado`);

--
-- Indices de la tabla `detalle_formato_estandar`
--
ALTER TABLE `detalle_formato_estandar`
  ADD PRIMARY KEY (`idDetalle_formato_estandar`,`detalle_proyecto_idDetalle_proyecto`,`Procesos_idproceso`,`estado_idestado`),
  ADD KEY `fk_detalle_formato_estandar_detalle_proyecto1_idx` (`detalle_proyecto_idDetalle_proyecto`),
  ADD KEY `fk_detalle_formato_estandar_Procesos1_idx` (`Procesos_idproceso`),
  ADD KEY `fk_detalle_formato_estandar_estado1_idx` (`estado_idestado`);

--
-- Indices de la tabla `detalle_proyecto`
--
ALTER TABLE `detalle_proyecto`
  ADD PRIMARY KEY (`idDetalle_proyecto`,`tipo_negocio_idtipo_negocio`,`proyecto_numero_orden`,`negocio_idnegocio`,`estado_idestado`),
  ADD KEY `fk_detalle_proyecto_proyecto1_idx` (`proyecto_numero_orden`),
  ADD KEY `fk_detalle_proyecto_tipo_negocio1_idx` (`tipo_negocio_idtipo_negocio`),
  ADD KEY `fk_detalle_proyecto_negocio1_idx` (`negocio_idnegocio`),
  ADD KEY `fk_detalle_proyecto_estado1_idx` (`estado_idestado`);

--
-- Indices de la tabla `detalle_teclados`
--
ALTER TABLE `detalle_teclados`
  ADD PRIMARY KEY (`idDetalle_teclados`,`detalle_proyecto_idDetalle_proyecto`,`Procesos_idproceso`,`estado_idestado`),
  ADD KEY `fk_detalle_teclados_detalle_proyecto1_idx` (`detalle_proyecto_idDetalle_proyecto`),
  ADD KEY `fk_detalle_teclados_Procesos1_idx` (`Procesos_idproceso`),
  ADD KEY `fk_detalle_teclados_estado1_idx` (`estado_idestado`);

--
-- Indices de la tabla `estado`
--
ALTER TABLE `estado`
  ADD PRIMARY KEY (`idestado`),
  ADD UNIQUE KEY `nombre_UNIQUE` (`nombre`);

--
-- Indices de la tabla `negocio`
--
ALTER TABLE `negocio`
  ADD PRIMARY KEY (`idnegocio`);

--
-- Indices de la tabla `procesos`
--
ALTER TABLE `procesos`
  ADD PRIMARY KEY (`idproceso`,`negocio_idnegocio`),
  ADD KEY `fk_Procesos_negocio1_idx` (`negocio_idnegocio`);

--
-- Indices de la tabla `proyecto`
--
ALTER TABLE `proyecto`
  ADD PRIMARY KEY (`numero_orden`,`usuario_numero_documento`,`estado_idestado`),
  ADD UNIQUE KEY `numero_orden_UNIQUE` (`numero_orden`),
  ADD KEY `fk_proyecto_usuario_idx` (`usuario_numero_documento`),
  ADD KEY `fk_proyecto_estado1_idx` (`estado_idestado`);

--
-- Indices de la tabla `tipo_negocio`
--
ALTER TABLE `tipo_negocio`
  ADD PRIMARY KEY (`idtipo_negocio`);

--
-- Indices de la tabla `usuario`
--
ALTER TABLE `usuario`
  ADD PRIMARY KEY (`numero_documento`,`cargo_idcargo`),
  ADD UNIQUE KEY `numero_documento_UNIQUE` (`numero_documento`),
  ADD KEY `fk_usuario_cargo1_idx` (`cargo_idcargo`);

--
-- AUTO_INCREMENT de las tablas volcadas
--

--
-- AUTO_INCREMENT de la tabla `cargo`
--
ALTER TABLE `cargo`
  MODIFY `idcargo` tinyint(4) NOT NULL AUTO_INCREMENT, AUTO_INCREMENT=5;
--
-- AUTO_INCREMENT de la tabla `detalle_ensamble`
--
ALTER TABLE `detalle_ensamble`
  MODIFY `idDetalle_ensamble` smallint(6) NOT NULL AUTO_INCREMENT, AUTO_INCREMENT=134;
--
-- AUTO_INCREMENT de la tabla `detalle_formato_estandar`
--
ALTER TABLE `detalle_formato_estandar`
  MODIFY `idDetalle_formato_estandar` smallint(6) NOT NULL AUTO_INCREMENT, AUTO_INCREMENT=1287;
--
-- AUTO_INCREMENT de la tabla `detalle_proyecto`
--
ALTER TABLE `detalle_proyecto`
  MODIFY `idDetalle_proyecto` int(11) NOT NULL AUTO_INCREMENT, AUTO_INCREMENT=302;
--
-- AUTO_INCREMENT de la tabla `detalle_teclados`
--
ALTER TABLE `detalle_teclados`
  MODIFY `idDetalle_teclados` smallint(6) NOT NULL AUTO_INCREMENT;
--
-- AUTO_INCREMENT de la tabla `estado`
--
ALTER TABLE `estado`
  MODIFY `idestado` tinyint(4) NOT NULL AUTO_INCREMENT, AUTO_INCREMENT=5;
--
-- AUTO_INCREMENT de la tabla `negocio`
--
ALTER TABLE `negocio`
  MODIFY `idnegocio` tinyint(4) NOT NULL AUTO_INCREMENT, AUTO_INCREMENT=4;
--
-- AUTO_INCREMENT de la tabla `procesos`
--
ALTER TABLE `procesos`
  MODIFY `idproceso` tinyint(4) NOT NULL AUTO_INCREMENT, AUTO_INCREMENT=22;
--
-- AUTO_INCREMENT de la tabla `proyecto`
--
ALTER TABLE `proyecto`
  MODIFY `numero_orden` int(11) NOT NULL AUTO_INCREMENT, AUTO_INCREMENT=29006;
--
-- AUTO_INCREMENT de la tabla `tipo_negocio`
--
ALTER TABLE `tipo_negocio`
  MODIFY `idtipo_negocio` tinyint(4) NOT NULL AUTO_INCREMENT, AUTO_INCREMENT=8;
--
-- Restricciones para tablas volcadas
--

--
-- Filtros para la tabla `detalle_ensamble`
--
ALTER TABLE `detalle_ensamble`
  ADD CONSTRAINT `fk_detalle_ensamble_Procesos1` FOREIGN KEY (`Procesos_idproceso`) REFERENCES `procesos` (`idproceso`) ON DELETE NO ACTION ON UPDATE NO ACTION,
  ADD CONSTRAINT `fk_detalle_ensamble_estado1` FOREIGN KEY (`estado_idestado`) REFERENCES `estado` (`idestado`) ON DELETE NO ACTION ON UPDATE NO ACTION,
  ADD CONSTRAINT `fk_detalle_teclados_detalle_proyecto10` FOREIGN KEY (`detalle_proyecto_idDetalle_proyecto`) REFERENCES `detalle_proyecto` (`idDetalle_proyecto`) ON DELETE NO ACTION ON UPDATE NO ACTION;

--
-- Filtros para la tabla `detalle_formato_estandar`
--
ALTER TABLE `detalle_formato_estandar`
  ADD CONSTRAINT `fk_detalle_formato_estandar_Procesos1` FOREIGN KEY (`Procesos_idproceso`) REFERENCES `procesos` (`idproceso`) ON DELETE NO ACTION ON UPDATE NO ACTION,
  ADD CONSTRAINT `fk_detalle_formato_estandar_detalle_proyecto1` FOREIGN KEY (`detalle_proyecto_idDetalle_proyecto`) REFERENCES `detalle_proyecto` (`idDetalle_proyecto`) ON DELETE NO ACTION ON UPDATE NO ACTION,
  ADD CONSTRAINT `fk_detalle_formato_estandar_estado1` FOREIGN KEY (`estado_idestado`) REFERENCES `estado` (`idestado`) ON DELETE NO ACTION ON UPDATE NO ACTION;

--
-- Filtros para la tabla `detalle_proyecto`
--
ALTER TABLE `detalle_proyecto`
  ADD CONSTRAINT `fk_detalle_proyecto_estado1` FOREIGN KEY (`estado_idestado`) REFERENCES `estado` (`idestado`) ON DELETE NO ACTION ON UPDATE NO ACTION,
  ADD CONSTRAINT `fk_detalle_proyecto_negocio1` FOREIGN KEY (`negocio_idnegocio`) REFERENCES `negocio` (`idnegocio`) ON DELETE NO ACTION ON UPDATE NO ACTION,
  ADD CONSTRAINT `fk_detalle_proyecto_proyecto1` FOREIGN KEY (`proyecto_numero_orden`) REFERENCES `proyecto` (`numero_orden`) ON DELETE NO ACTION ON UPDATE NO ACTION,
  ADD CONSTRAINT `fk_detalle_proyecto_tipo_negocio1` FOREIGN KEY (`tipo_negocio_idtipo_negocio`) REFERENCES `tipo_negocio` (`idtipo_negocio`) ON DELETE NO ACTION ON UPDATE NO ACTION;

--
-- Filtros para la tabla `detalle_teclados`
--
ALTER TABLE `detalle_teclados`
  ADD CONSTRAINT `fk_detalle_teclados_Procesos1` FOREIGN KEY (`Procesos_idproceso`) REFERENCES `procesos` (`idproceso`) ON DELETE NO ACTION ON UPDATE NO ACTION,
  ADD CONSTRAINT `fk_detalle_teclados_detalle_proyecto1` FOREIGN KEY (`detalle_proyecto_idDetalle_proyecto`) REFERENCES `detalle_proyecto` (`idDetalle_proyecto`) ON DELETE NO ACTION ON UPDATE NO ACTION,
  ADD CONSTRAINT `fk_detalle_teclados_estado1` FOREIGN KEY (`estado_idestado`) REFERENCES `estado` (`idestado`) ON DELETE NO ACTION ON UPDATE NO ACTION;

--
-- Filtros para la tabla `procesos`
--
ALTER TABLE `procesos`
  ADD CONSTRAINT `fk_Procesos_negocio1` FOREIGN KEY (`negocio_idnegocio`) REFERENCES `negocio` (`idnegocio`) ON DELETE NO ACTION ON UPDATE NO ACTION;

--
-- Filtros para la tabla `proyecto`
--
ALTER TABLE `proyecto`
  ADD CONSTRAINT `fk_proyecto_estado1` FOREIGN KEY (`estado_idestado`) REFERENCES `estado` (`idestado`) ON DELETE NO ACTION ON UPDATE NO ACTION,
  ADD CONSTRAINT `fk_proyecto_usuario` FOREIGN KEY (`usuario_numero_documento`) REFERENCES `usuario` (`numero_documento`) ON DELETE NO ACTION ON UPDATE NO ACTION;

--
-- Filtros para la tabla `usuario`
--
ALTER TABLE `usuario`
  ADD CONSTRAINT `fk_usuario_cargo1` FOREIGN KEY (`cargo_idcargo`) REFERENCES `cargo` (`idcargo`) ON DELETE NO ACTION ON UPDATE NO ACTION;
COMMIT;

/*!40101 SET CHARACTER_SET_CLIENT=@OLD_CHARACTER_SET_CLIENT */;
/*!40101 SET CHARACTER_SET_RESULTS=@OLD_CHARACTER_SET_RESULTS */;
/*!40101 SET COLLATION_CONNECTION=@OLD_COLLATION_CONNECTION */;
