-- phpMyAdmin SQL Dump
-- version 4.7.4
-- https://www.phpmyadmin.net/
--
-- Servidor: 127.0.0.1
-- Tiempo de generación: 27-10-2017 a las 15:19:49
-- Versión del servidor: 10.1.26-MariaDB
-- Versión de PHP: 7.1.9

SET SQL_MODE = "NO_AUTO_VALUE_ON_ZERO";
SET AUTOCOMMIT = 0;
START TRANSACTION;
SET time_zone = "+00:00";


/*!40101 SET @OLD_CHARACTER_SET_CLIENT=@@CHARACTER_SET_CLIENT */;
/*!40101 SET @OLD_CHARACTER_SET_RESULTS=@@CHARACTER_SET_RESULTS */;
/*!40101 SET @OLD_COLLATION_CONNECTION=@@COLLATION_CONNECTION */;
/*!40101 SET NAMES utf8mb4 */;

--
-- Base de datos: `coltime`
--

DELIMITER $$
--
-- Procedimientos
--
CREATE DEFINER=`root`@`localhost` PROCEDURE `PA_CalcularTiempoMinutos` (IN `orden` INT, IN `detalle` INT, IN `lector` INT, IN `busqueda` INT)  NO SQL
BEGIN

IF busqueda=1 THEN

SELECT f.tiempo_total_por_proceso,TIME_FORMAT(TIMEDIFF(TIME_FORMAT(CURRENT_TIME,'%H:%i'),TIME_FORMAT(f.hora_ejecucion,'%H:%i')),'%H:%i') as diferencia from detalle_formato_estandar f JOIN detalle_proyecto d on f.detalle_proyecto_idDetalle_proyecto=d.idDetalle_proyecto where d.proyecto_numero_orden=orden AND d.idDetalle_proyecto=detalle and f.Procesos_idproceso=lector and f.estado_idestado=4;

ELSE
 IF busqueda=2 THEN

SELECT f.tiempo_total_proceso,TIME_FORMAT(TIMEDIFF(TIME_FORMAT(CURRENT_TIME,'%H:%i'),TIME_FORMAT(f.hora_ejecucion,'%H:%i')),'%H:%i') as diferencia from detalle_teclados f JOIN detalle_proyecto d on f.detalle_proyecto_idDetalle_proyecto=d.idDetalle_proyecto where d.proyecto_numero_orden=orden AND d.idDetalle_proyecto=detalle and f.Procesos_idproceso=lector and f.estado_idestado=4;

 ELSE
  IF busqueda=3 THEN
  
  SELECT f.tiempo_total_por_proceso,TIME_FORMAT(TIMEDIFF(TIME_FORMAT(CURRENT_TIME,'%H:%i'),TIME_FORMAT(f.hora_ejecucion,'%H:%i')),'%H:%i') as diferencia from detalle_ensamble f JOIN detalle_proyecto d on f.detalle_proyecto_idDetalle_proyecto=d.idDetalle_proyecto where d.proyecto_numero_orden=orden AND d.idDetalle_proyecto=detalle and f.Procesos_idproceso=lector and f.estado_idestado=4;
  
  END IF;
 
 END IF;

END IF;
END$$

CREATE DEFINER=`root`@`localhost` PROCEDURE `PA_CambiarEstadoDeProductos` (IN `negocio` INT, IN `orden` INT, IN `detalle` INT)  NO SQL
BEGIN
DECLARE cant int;
DECLARE cantTer int;
DECLARE id int;
DECLARE tipoN int;
IF negocio=1 THEN 

SET tipoN = (SELECT d.tipo_negocio_idtipo_negocio FROM detalle_proyecto d WHERE d.idDetalle_proyecto=detalle);

SELECT tipoN;

ELSE
 IF negocio=2 THEN
 
 SELECT COUNT(*) FROM detalle_proyecto p JOIN detalle_formato_estandar d on p.idDetalle_proyecto=d.detalle_proyecto_idDetalle_proyecto WHERE p.proyecto_numero_orden=28527 and d.estado_idestado=4;

 
 ELSE
  IF negocio=3 THEN
  
SELECT COUNT(*) FROM detalle_proyecto p JOIN detalle_formato_estandar d on p.idDetalle_proyecto=d.detalle_proyecto_idDetalle_proyecto WHERE p.proyecto_numero_orden=28527 and d.estado_idestado=4;


  END IF;
 END IF;
END IF;
END$$

CREATE DEFINER=`root`@`localhost` PROCEDURE `PA_ConsultarDetalleProyecto` (IN `orden` INT(11))  NO SQL
SELECT d.idDetalle_proyecto,n.nom_negocio,t.nombre,d.canitadad_total,e.nombre as estado, d.PNC,d.ubicacion,d.material FROM tipo_negocio t  JOIN detalle_proyecto d on t.idtipo_negocio=d.tipo_negocio_idtipo_negocio JOIN negocio n on d.negocio_idnegocio=n.idnegocio JOIN estado e on d.estado_idestado=e.idestado WHERE d.proyecto_numero_orden=orden$$

CREATE DEFINER=`root`@`localhost` PROCEDURE `PA_ConsultarIndormacionQR` (IN `orden` INT)  NO SQL
BEGIN
select p.idDetalle_proyecto,d.idDetalle_formato_estandar,d.Procesos_idproceso from detalle_proyecto p INNER JOIN detalle_formato_estandar d ON p.idDetalle_proyecto=d.detalle_proyecto_idDetalle_proyecto where p.proyecto_numero_orden=orden;

END$$

CREATE DEFINER=`root`@`localhost` PROCEDURE `PA_ConsultarNumeroOrden` ()  NO SQL
SHOW TABLE STATUS like 'proyecto'$$

CREATE DEFINER=`root`@`localhost` PROCEDURE `PA_ConsultarProcesosFE` (IN `detalle` INT)  NO SQL
begin

SELECT p.nombre_proceso FROM detalle_formato_estandar f JOIN procesos p on f.Procesos_idproceso=p.idproceso WHERE f.detalle_proyecto_idDetalle_proyecto=detalle;

END$$

CREATE DEFINER=`root`@`localhost` PROCEDURE `PA_ConsultarProyectosEntrega` (IN `orden` INT, IN `nombreC` VARCHAR(45), IN `nombreP` VARCHAR(45), IN `fecha` VARCHAR(10))  NO SQL
BEGIN

IF orden='' and nombreC='' and nombreP='' and fecha='' THEN
SELECT p.numero_orden,u.nombres,p.nombre_cliente,p.nombre_proyecto,DATE_FORMAT(p.fecha_ingreso,'%d-%M-%Y %h:%i %p') as ingreso,p.fecha_entrega,DATE_FORMAT(p.fecha_salidal,'%d-%M-%Y %h:%i %p') as salida,e.nombre,p.tipo_proyecto,p.FE,p.TE,p.IN,p.ruteoC,p.antisolderC,p.ruteoP,p.antisolderP FROM usuario u JOIN proyecto p ON u.numero_documento=p.usuario_numero_documento LEFT JOIN estado e on p.estado_idestado=e.idestado;
ELSE
  IF orden!='' and nombreC='' and nombreP='' and fecha='' THEN
SELECT p.numero_orden,u.nombres,p.nombre_cliente,p.nombre_proyecto,DATE_FORMAT(p.fecha_ingreso,'%d-%M-%Y %h:%i %p') as     ingreso,p.fecha_entrega,DATE_FORMAT(p.fecha_salidal,'%d-%M-%Y %h:%i %p') as salida,e.nombre,p.tipo_proyecto,p.FE,p.TE,p.IN,p.ruteoC,p.antisolderC,p.ruteoP,p.antisolderP FROM usuario u JOIN proyecto p ON u.numero_documento=p.usuario_numero_documento LEFT JOIN estado e on p.estado_idestado=e.idestado WHERE p.numero_orden LIKE concat(orden,'%');
  ELSE 
    IF orden='' and nombreC!='' and nombreP='' and fecha='' THEN
SELECT p.numero_orden,u.nombres,p.nombre_cliente,p.nombre_proyecto,DATE_FORMAT(p.fecha_ingreso,'%d-%M-%Y %h:%i %p') as     ingreso,p.fecha_entrega,DATE_FORMAT(p.fecha_salidal,'%d-%M-%Y %h:%i %p') as salida,e.nombre,p.tipo_proyecto,p.FE,p.TE,p.IN,p.ruteoC,p.antisolderC,p.ruteoP,p.antisolderP FROM usuario u JOIN proyecto p ON u.numero_documento=p.usuario_numero_documento LEFT JOIN estado e on p.estado_idestado=e.idestado WHERE p.nombre_cliente LIKE concat(nombreC,'%');
    ELSE
      IF orden='' and nombreC='' and nombreP!='' and fecha='' THEN
SELECT p.numero_orden,u.nombres,p.nombre_cliente,p.nombre_proyecto,DATE_FORMAT(p.fecha_ingreso,'%d-%M-%Y %h:%i %p') as     ingreso,p.fecha_entrega,DATE_FORMAT(p.fecha_salidal,'%d-%M-%Y %h:%i %p') as salida,e.nombre,p.tipo_proyecto,p.FE,p.TE,p.IN,p.ruteo,p.antisolder FROM usuario u JOIN proyecto p ON u.numero_documento=p.usuario_numero_documento LEFT JOIN estado e on p.estado_idestado=e.idestado WHERE p.nombre_proyecto LIKE concat(nombreP,'%');
       ELSE
         IF orden!='' and nombreC!='' and nombreP='' and fecha='' THEN
SELECT p.numero_orden,u.nombres,p.nombre_cliente,p.nombre_proyecto,DATE_FORMAT(p.fecha_ingreso,'%d-%M-%Y %h:%i %p') as     ingreso,p.fecha_entrega,DATE_FORMAT(p.fecha_salidal,'%d-%M-%Y %h:%i %p') as salida,e.nombre,p.tipo_proyecto,p.FE,p.TE,p.IN,p.ruteoC,p.antisolderC,p.ruteoP,p.antisolderP FROM usuario u JOIN proyecto p ON u.numero_documento=p.usuario_numero_documento LEFT JOIN estado e on p.estado_idestado=e.idestado WHERE p.numero_orden LIKE concat(orden,'%') AND p.nombre_cliente LIKE concat(nombreC,'%');
	      ELSE
            IF orden='' and nombreC!='' and nombreP!='' and fecha='' THEN
SELECT p.numero_orden,u.nombres,p.nombre_cliente,p.nombre_proyecto,DATE_FORMAT(p.fecha_ingreso,'%d-%M-%Y %h:%i %p') as     ingreso,p.fecha_entrega,DATE_FORMAT(p.fecha_salidal,'%d-%M-%Y %h:%i %p') as salida,e.nombre,p.tipo_proyecto,p.FE,p.TE,p.IN,p.ruteoC,p.antisolderC,p.ruteoP,p.antisolderP FROM usuario u JOIN proyecto p ON u.numero_documento=p.usuario_numero_documento LEFT JOIN estado e on p.estado_idestado=e.idestado WHERE p.nombre_cliente LIKE concat(nombreC,'%') AND p.nombre_proyecto LIKE concat(nombreP,'%');
            ELSE
              IF orden!='' and nombreC='' and nombreP!='' and fecha='' THEN
SELECT p.numero_orden,u.nombres,p.nombre_cliente,p.nombre_proyecto,DATE_FORMAT(p.fecha_ingreso,'%d-%M-%Y %h:%i %p') as     ingreso,p.fecha_entrega,DATE_FORMAT(p.fecha_salidal,'%d-%M-%Y %h:%i %p') as salida,e.nombre,p.tipo_proyecto,p.FE,p.TE,p.IN,p.ruteoC,p.antisolderC,p.ruteoP,p.antisolderP FROM usuario u JOIN proyecto p ON u.numero_documento=p.usuario_numero_documento LEFT JOIN estado e on p.estado_idestado=e.idestado WHERE p.numero_orden LIKE concat(orden,'%') AND p.nombre_proyecto LIKE concat(nombreP,'%');
              ELSE 
                IF orden!='' and nombreC!='' and nombreP!='' and fecha='' THEN
SELECT p.numero_orden,u.nombres,p.nombre_cliente,p.nombre_proyecto,DATE_FORMAT(p.fecha_ingreso,'%d-%M-%Y %h:%i %p') as     ingreso,p.fecha_entrega,DATE_FORMAT(p.fecha_salidal,'%d-%M-%Y %h:%i %p') as salida,e.nombre,p.tipo_proyecto,p.FE,p.TE,p.IN,p.ruteoC,p.antisolderC,p.ruteoP,p.antisolderP FROM usuario u JOIN proyecto p ON u.numero_documento=p.usuario_numero_documento LEFT JOIN estado e on p.estado_idestado=e.idestado WHERE p.numero_orden LIKE concat(orden,'%') AND p.nombre_cliente LIKE concat(nombreC,'%') AND p.nombre_proyecto LIKE concat(nombreP,'%');
                ELSE
                  IF orden='' and nombreC='' and nombreP='' and fecha!='' THEN
SELECT p.numero_orden,u.nombres,p.nombre_cliente,p.nombre_proyecto,DATE_FORMAT(p.fecha_ingreso,'%d-%M-%Y %h:%i %p') as     ingreso,p.fecha_entrega,DATE_FORMAT(p.fecha_salidal,'%d-%M-%Y %h:%i %p') as salida,e.nombre,p.tipo_proyecto,p.FE,p.TE,p.IN,p.ruteoC,p.antisolderC,p.ruteoP,p.antisolderP FROM usuario u JOIN proyecto p ON u.numero_documento=p.usuario_numero_documento LEFT JOIN estado e on p.estado_idestado=e.idestado WHERE DATE_FORMAT(p.fecha_entrega,'%Y-%m-%d')=fecha;
				  ELSE
                    IF orden!='' and nombreC='' and nombreP='' and fecha!='' THEN
SELECT p.numero_orden,u.nombres,p.nombre_cliente,p.nombre_proyecto,DATE_FORMAT(p.fecha_ingreso,'%d-%M-%Y %h:%i %p') as     ingreso,p.fecha_entrega,DATE_FORMAT(p.fecha_salidal,'%d-%M-%Y %h:%i %p') as salida,e.nombre,p.tipo_proyecto,p.FE,p.TE,p.IN,p.ruteoC,p.antisolderC,p.ruteoP,p.antisolderP FROM usuario u JOIN proyecto p ON u.numero_documento=p.usuario_numero_documento LEFT JOIN estado e on p.estado_idestado=e.idestado WHERE p.numero_orden LIKE concat(orden,'%') AND DATE_FORMAT(p.fecha_entrega,'%Y-%m-%d')=fecha;
 					ELSE
                      IF orden='' and nombreC!='' and nombreP='' and fecha!='' THEN
SELECT p.numero_orden,u.nombres,p.nombre_cliente,p.nombre_proyecto,DATE_FORMAT(p.fecha_ingreso,'%d-%M-%Y %h:%i %p') as     ingreso,p.fecha_entrega,DATE_FORMAT(p.fecha_salidal,'%d-%M-%Y %h:%i %p') as salida,e.nombre,p.tipo_proyecto,p.FE,p.TE,p.IN,p.ruteoC,p.antisolderC,p.ruteoP,p.antisolderP FROM usuario u JOIN proyecto p ON u.numero_documento=p.usuario_numero_documento LEFT JOIN estado e on p.estado_idestado=e.idestado WHERE p.nombre_cliente LIKE concat(nombreC,'%') AND DATE_FORMAT(p.fecha_entrega,'%Y-%m-%d')=fecha;                     					  ELSE
					     IF orden='' and nombreC='' and nombreP!='' and fecha!='' THEN
SELECT p.numero_orden,u.nombres,p.nombre_cliente,p.nombre_proyecto,DATE_FORMAT(p.fecha_ingreso,'%d-%M-%Y %h:%i %p') as     ingreso,p.fecha_entrega,DATE_FORMAT(p.fecha_salidal,'%d-%M-%Y %h:%i %p') as salida,e.nombre,p.tipo_proyecto,p.FE,p.TE,p.IN,p.ruteoC,p.antisolderC,p.ruteoP,p.antisolderP FROM usuario u JOIN proyecto p ON u.numero_documento=p.usuario_numero_documento LEFT JOIN estado e on p.estado_idestado=e.idestado WHERE p.nombre_proyecto LIKE concat(nombreP,'%') AND DATE_FORMAT(p.fecha_entrega,'%Y-%m-%d')=fecha;  
                          ELSE
                            IF orden!='' and nombreC!='' and nombreP='' and fecha!='' THEN
SELECT p.numero_orden,u.nombres,p.nombre_cliente,p.nombre_proyecto,DATE_FORMAT(p.fecha_ingreso,'%d-%M-%Y %h:%i %p') as     ingreso,p.fecha_entrega,DATE_FORMAT(p.fecha_salidal,'%d-%M-%Y %h:%i %p') as salida,e.nombre,p.tipo_proyecto,p.FE,p.TE,p.IN,p.ruteoC,p.antisolderC,p.ruteoP,p.antisolderP FROM usuario u JOIN proyecto p ON u.numero_documento=p.usuario_numero_documento LEFT JOIN estado e on p.estado_idestado=e.idestado WHERE p.nombre_cliente LIKE concat(nombreC,'%') AND p.numero_orden LIKE concat(orden,'%') AND DATE_FORMAT(p.fecha_entrega,'%Y-%m-%d')=fecha;  
						     ELSE
                               IF orden!='' and nombreC='' and nombreP!='' and fecha!='' THEN
SELECT p.numero_orden,u.nombres,p.nombre_cliente,p.nombre_proyecto,DATE_FORMAT(p.fecha_ingreso,'%d-%M-%Y %h:%i %p') as     ingreso,p.fecha_entrega,DATE_FORMAT(p.fecha_salidal,'%d-%M-%Y %h:%i %p') as salida,e.nombre,p.tipo_proyecto,p.FE,p.TE,p.IN,p.ruteoC,p.antisolderC,p.ruteoP,p.antisolderP FROM usuario u JOIN proyecto p ON u.numero_documento=p.usuario_numero_documento LEFT JOIN estado e on p.estado_idestado=e.idestado WHERE p.nombre_proyecto LIKE concat(nombreP,'%') AND p.numero_orden LIKE concat(orden,'%') AND DATE_FORMAT(p.fecha_entrega,'%Y-%m-%d')=fecha;  
                               ELSE
                                 IF orden='' and nombreC!='' and nombreP!='' and fecha!='' THEN
SELECT p.numero_orden,u.nombres,p.nombre_cliente,p.nombre_proyecto,DATE_FORMAT(p.fecha_ingreso,'%d-%M-%Y %h:%i %p') as     ingreso,p.fecha_entrega,DATE_FORMAT(p.fecha_salidal,'%d-%M-%Y %h:%i %p') as salida,e.nombre,p.tipo_proyecto,p.FE,p.TE,p.IN,p.ruteoC,p.antisolderC,p.ruteoP,p.antisolderP FROM usuario u JOIN proyecto p ON u.numero_documento=p.usuario_numero_documento LEFT JOIN estado e on p.estado_idestado=e.idestado WHERE p.nombre_cliente LIKE concat(nombreC,'%') AND p.nombre_proyecto LIKE concat(nombreP,'%') AND DATE_FORMAT(p.fecha_entrega,'%Y-%m-%d')=fecha;
                                 ELSE
                                   IF orden!='' and nombreC!='' and nombreP!='' and fecha!='' THEN 
SELECT p.numero_orden,u.nombres,p.nombre_cliente,p.nombre_proyecto,DATE_FORMAT(p.fecha_ingreso,'%d-%M-%Y %h:%i %p') as     ingreso,p.fecha_entrega,DATE_FORMAT(p.fecha_salidal,'%d-%M-%Y %h:%i %p') as salida,e.nombre,p.tipo_proyecto,p.FE,p.TE,p.IN,p.ruteoC,p.antisolderC,p.ruteoP,p.antisolderP FROM usuario u JOIN proyecto p ON u.numero_documento=p.usuario_numero_documento LEFT JOIN estado e on p.estado_idestado=e.idestado WHERE p.numero_orden LIKE concat(orden,'%') AND p.nombre_cliente LIKE concat(nombreC,'%') AND p.nombre_proyecto LIKE concat(nombreP,'%') AND DATE_FORMAT(p.fecha_entrega,'%Y-%m-%d')=fecha;                                   
                                   END IF;
                                 END IF;
                               END IF;
                            END IF;
                         END IF;
                      END IF;
                    END IF;
                  END IF;
                END IF;
              END IF;
            END IF;
         END IF;
      END IF; 
    END IF;
  END IF;
END IF;
END$$

CREATE DEFINER=`root`@`localhost` PROCEDURE `PA_ConsultarProyectosIngreso` (IN `orden` INT, IN `nombreC` VARCHAR(45), IN `nombreP` VARCHAR(45), IN `fecha` VARCHAR(10))  NO SQL
BEGIN

IF orden='' and nombreC='' and nombreP='' and fecha='' THEN
SELECT p.numero_orden,u.nombres,p.nombre_cliente,p.nombre_proyecto,DATE_FORMAT(p.fecha_ingreso,'%d-%M-%Y %h:%i %p') as ingreso,p.fecha_entrega,DATE_FORMAT(p.fecha_salidal,'%d-%M-%Y %h:%i %p') as salida,e.nombre,p.tipo_proyecto,p.FE,p.TE,p.IN,p.ruteoC,p.antisolderC,p.ruteoP,p.antisolderP FROM usuario u JOIN proyecto p ON u.numero_documento=p.usuario_numero_documento LEFT JOIN estado e on p.estado_idestado=e.idestado; 
ELSE
  IF orden!='' and nombreC='' and nombreP='' and fecha='' THEN
SELECT p.numero_orden,u.nombres,p.nombre_cliente,p.nombre_proyecto,DATE_FORMAT(p.fecha_ingreso,'%d-%M-%Y %h:%i %p') as     ingreso,p.fecha_entrega,DATE_FORMAT(p.fecha_salidal,'%d-%M-%Y %h:%i %p') as salida,e.nombre,p.tipo_proyecto,p.FE,p.TE,p.IN,p.ruteoC,p.antisolderC,p.ruteoP,p.antisolderP FROM usuario u JOIN proyecto p ON u.numero_documento=p.usuario_numero_documento LEFT JOIN estado e on p.estado_idestado=e.idestado WHERE p.numero_orden LIKE concat(orden,'%');
  ELSE 
    IF orden='' and nombreC!='' and nombreP='' and fecha='' THEN
SELECT p.numero_orden,u.nombres,p.nombre_cliente,p.nombre_proyecto,DATE_FORMAT(p.fecha_ingreso,'%d-%M-%Y %h:%i %p') as     ingreso,p.fecha_entrega,DATE_FORMAT(p.fecha_salidal,'%d-%M-%Y %h:%i %p') as salida,e.nombre,p.tipo_proyecto,p.FE,p.TE,p.IN,p.ruteoC,p.antisolderC,p.ruteoP,p.antisolderP FROM usuario u JOIN proyecto p ON u.numero_documento=p.usuario_numero_documento LEFT JOIN estado e on p.estado_idestado=e.idestado WHERE p.nombre_cliente LIKE concat(nombreC,'%');
    ELSE
      IF orden='' and nombreC='' and nombreP!='' and fecha='' THEN
SELECT p.numero_orden,u.nombres,p.nombre_cliente,p.nombre_proyecto,DATE_FORMAT(p.fecha_ingreso,'%d-%M-%Y %h:%i %p') as     ingreso,p.fecha_entrega,DATE_FORMAT(p.fecha_salidal,'%d-%M-%Y %h:%i %p') as salida,e.nombre,p.tipo_proyecto,p.FE,p.TE,p.IN,p.ruteoC,p.antisolderC,p.ruteoP,p.antisolderP FROM usuario u JOIN proyecto p ON u.numero_documento=p.usuario_numero_documento LEFT JOIN estado e on p.estado_idestado=e.idestado WHERE p.nombre_proyecto LIKE concat(nombreP,'%');
       ELSE
         IF orden!='' and nombreC!='' and nombreP='' and fecha='' THEN
SELECT p.numero_orden,u.nombres,p.nombre_cliente,p.nombre_proyecto,DATE_FORMAT(p.fecha_ingreso,'%d-%M-%Y %h:%i %p') as     ingreso,p.fecha_entrega,DATE_FORMAT(p.fecha_salidal,'%d-%M-%Y %h:%i %p') as salida,e.nombre,p.tipo_proyecto,p.FE,p.TE,p.IN,p.ruteoC,p.antisolderC,p.ruteoP,p.antisolderP FROM usuario u JOIN proyecto p ON u.numero_documento=p.usuario_numero_documento LEFT JOIN estado e on p.estado_idestado=e.idestado WHERE p.numero_orden LIKE concat(orden,'%') AND p.nombre_cliente LIKE concat(nombreC,'%');
	      ELSE
            IF orden='' and nombreC!='' and nombreP!='' and fecha='' THEN
SELECT p.numero_orden,u.nombres,p.nombre_cliente,p.nombre_proyecto,DATE_FORMAT(p.fecha_ingreso,'%d-%M-%Y %h:%i %p') as     ingreso,p.fecha_entrega,DATE_FORMAT(p.fecha_salidal,'%d-%M-%Y %h:%i %p') as salida,e.nombre,p.tipo_proyecto,p.FE,p.TE,p.IN,p.ruteoC,p.antisolderC,p.ruteoP,p.antisolderP FROM usuario u JOIN proyecto p ON u.numero_documento=p.usuario_numero_documento LEFT JOIN estado e on p.estado_idestado=e.idestado WHERE p.nombre_cliente LIKE concat(nombreC,'%') AND p.nombre_proyecto LIKE concat(nombreP,'%');
            ELSE
              IF orden!='' and nombreC='' and nombreP!='' and fecha='' THEN
SELECT p.numero_orden,u.nombres,p.nombre_cliente,p.nombre_proyecto,DATE_FORMAT(p.fecha_ingreso,'%d-%M-%Y %h:%i %p') as     ingreso,p.fecha_entrega,DATE_FORMAT(p.fecha_salidal,'%d-%M-%Y %h:%i %p') as salida,e.nombre,p.tipo_proyecto,p.FE,p.TE,p.IN,p.ruteoC,p.antisolderC,p.ruteoP,p.antisolderP FROM usuario u JOIN proyecto p ON u.numero_documento=p.usuario_numero_documento LEFT JOIN estado e on p.estado_idestado=e.idestado WHERE p.numero_orden LIKE concat(orden,'%') AND p.nombre_proyecto LIKE concat(nombreP,'%');
              ELSE
                IF orden!='' and nombreC!='' and nombreP!='' and fecha='' THEN
SELECT p.numero_orden,u.nombres,p.nombre_cliente,p.nombre_proyecto,DATE_FORMAT(p.fecha_ingreso,'%d-%M-%Y %h:%i %p') as     ingreso,p.fecha_entrega,DATE_FORMAT(p.fecha_salidal,'%d-%M-%Y %h:%i %p') as salida,e.nombre,p.tipo_proyecto,p.FE,p.TE,p.IN,p.ruteoC,p.antisolderC,p.ruteoP,p.antisolderP FROM usuario u JOIN proyecto p ON u.numero_documento=p.usuario_numero_documento LEFT JOIN estado e on p.estado_idestado=e.idestado WHERE p.numero_orden LIKE concat(orden,'%') AND p.nombre_cliente LIKE concat(nombreC,'%') AND p.nombre_proyecto LIKE concat(nombreP,'%');
                ELSE
                  IF orden='' and nombreC='' and nombreP='' and fecha!='' THEN
SELECT p.numero_orden,u.nombres,p.nombre_cliente,p.nombre_proyecto,DATE_FORMAT(p.fecha_ingreso,'%d-%M-%Y %h:%i %p') as     ingreso,p.fecha_entrega,DATE_FORMAT(p.fecha_salidal,'%d-%M-%Y %h:%i %p') as salida,e.nombre,p.tipo_proyecto,p.FE,p.TE,p.IN,p.ruteoC,p.antisolderC,p.ruteoP,p.antisolderP FROM usuario u JOIN proyecto p ON u.numero_documento=p.usuario_numero_documento LEFT JOIN estado e on p.estado_idestado=e.idestado WHERE DATE_FORMAT(p.fecha_ingreso,'%Y-%m-%d')=fecha;
				  ELSE
                    IF orden!='' and nombreC='' and nombreP='' and fecha!='' THEN
SELECT p.numero_orden,u.nombres,p.nombre_cliente,p.nombre_proyecto,DATE_FORMAT(p.fecha_ingreso,'%d-%M-%Y %h:%i %p') as     ingreso,p.fecha_entrega,DATE_FORMAT(p.fecha_salidal,'%d-%M-%Y %h:%i %p') as salida,e.nombre,p.tipo_proyecto,p.FE,p.TE,p.IN,p.ruteoC,p.antisolderC,p.ruteoP,p.antisolderP FROM usuario u JOIN proyecto p ON u.numero_documento=p.usuario_numero_documento LEFT JOIN estado e on p.estado_idestado=e.idestado WHERE p.numero_orden LIKE concat(orden,'%') AND DATE_FORMAT(p.fecha_ingreso,'%Y-%m-%d')=fecha;
 					ELSE
                      IF orden='' and nombreC!='' and nombreP='' and fecha!='' THEN
SELECT p.numero_orden,u.nombres,p.nombre_cliente,p.nombre_proyecto,DATE_FORMAT(p.fecha_ingreso,'%d-%M-%Y %h:%i %p') as     ingreso,p.fecha_entrega,DATE_FORMAT(p.fecha_salidal,'%d-%M-%Y %h:%i %p') as salida,e.nombre,p.tipo_proyecto,p.FE,p.TE,p.IN,p.ruteoC,p.antisolderC,p.ruteoP,p.antisolderP FROM usuario u JOIN proyecto p ON u.numero_documento=p.usuario_numero_documento LEFT JOIN estado e on p.estado_idestado=e.idestado WHERE p.nombre_cliente LIKE concat(nombreC,'%') AND DATE_FORMAT(p.fecha_ingreso,'%Y-%m-%d')=fecha;                     					  ELSE
					     IF orden='' and nombreC='' and nombreP!='' and fecha!='' THEN
SELECT p.numero_orden,u.nombres,p.nombre_cliente,p.nombre_proyecto,DATE_FORMAT(p.fecha_ingreso,'%d-%M-%Y %h:%i %p') as     ingreso,p.fecha_entrega,DATE_FORMAT(p.fecha_salidal,'%d-%M-%Y %h:%i %p') as salida,e.nombre,p.tipo_proyecto,p.FE,p.TE,p.IN,p.ruteoC,p.antisolderC,p.ruteoP,p.antisolderP FROM usuario u JOIN proyecto p ON u.numero_documento=p.usuario_numero_documento LEFT JOIN estado e on p.estado_idestado=e.idestado WHERE p.nombre_proyecto LIKE concat(nombreP,'%') AND DATE_FORMAT(p.fecha_ingreso,'%Y-%m-%d')=fecha;  
                          ELSE
                            IF orden!='' and nombreC!='' and nombreP='' and fecha!='' THEN
SELECT p.numero_orden,u.nombres,p.nombre_cliente,p.nombre_proyecto,DATE_FORMAT(p.fecha_ingreso,'%d-%M-%Y %h:%i %p') as     ingreso,p.fecha_entrega,DATE_FORMAT(p.fecha_salidal,'%d-%M-%Y %h:%i %p') as salida,e.nombre,p.tipo_proyecto,p.FE,p.TE,p.IN,p.ruteoC,p.antisolderC,p.ruteoP,p.antisolderP FROM usuario u JOIN proyecto p ON u.numero_documento=p.usuario_numero_documento LEFT JOIN estado e on p.estado_idestado=e.idestado WHERE p.nombre_cliente LIKE concat(nombreC,'%') AND p.numero_orden LIKE concat(orden,'%') AND DATE_FORMAT(p.fecha_ingreso,'%Y-%m-%d')=fecha;  
						     ELSE
                               IF orden!='' and nombreC='' and nombreP!='' and fecha!='' THEN
SELECT p.numero_orden,u.nombres,p.nombre_cliente,p.nombre_proyecto,DATE_FORMAT(p.fecha_ingreso,'%d-%M-%Y %h:%i %p') as     ingreso,p.fecha_entrega,DATE_FORMAT(p.fecha_salidal,'%d-%M-%Y %h:%i %p') as salida,e.nombre,p.tipo_proyecto,p.FE,p.TE,p.IN,p.ruteoC,p.antisolderC,p.ruteoP,p.antisolderP FROM usuario u JOIN proyecto p ON u.numero_documento=p.usuario_numero_documento LEFT JOIN estado e on p.estado_idestado=e.idestado WHERE p.nombre_proyecto LIKE concat(nombreP,'%') AND p.numero_orden LIKE concat(orden,'%') AND DATE_FORMAT(p.fecha_ingreso,'%Y-%m-%d')=fecha;  
                               ELSE
                                 IF orden='' and nombreC!='' and nombreP!='' and fecha!='' THEN
SELECT p.numero_orden,u.nombres,p.nombre_cliente,p.nombre_proyecto,DATE_FORMAT(p.fecha_ingreso,'%d-%M-%Y %h:%i %p') as     ingreso,p.fecha_entrega,DATE_FORMAT(p.fecha_salidal,'%d-%M-%Y %h:%i %p') as salida,e.nombre,p.tipo_proyecto,p.FE,p.TE,p.IN,p.ruteoC,p.antisolderC,p.ruteoP,p.antisolderP FROM usuario u JOIN proyecto p ON u.numero_documento=p.usuario_numero_documento LEFT JOIN estado e on p.estado_idestado=e.idestado WHERE p.nombre_cliente LIKE concat(nombreC,'%') AND p.nombre_proyecto LIKE concat(nombreP,'%') AND DATE_FORMAT(p.fecha_ingreso,'%Y-%m-%d')=fecha;
                                 ELSE
                                   IF orden!='' and nombreC!='' and nombreP!='' and fecha!='' THEN 
SELECT p.numero_orden,u.nombres,p.nombre_cliente,p.nombre_proyecto,DATE_FORMAT(p.fecha_ingreso,'%d-%M-%Y %h:%i %p') as     ingreso,p.fecha_entrega,DATE_FORMAT(p.fecha_salidal,'%d-%M-%Y %h:%i %p') as salida,e.nombre,p.tipo_proyecto,p.FE,p.TE,p.IN,p.ruteoC,p.antisolderC,p.ruteoP,p.antisolderP FROM usuario u JOIN proyecto p ON u.numero_documento=p.usuario_numero_documento LEFT JOIN estado e on p.estado_idestado=e.idestado WHERE p.numero_orden LIKE concat(orden,'%') AND p.nombre_cliente LIKE concat(nombreC,'%') AND p.nombre_proyecto LIKE concat(nombreP,'%') AND DATE_FORMAT(p.fecha_ingreso,'%Y-%m-%d')=fecha;                                   
                                   END IF;
                                 END IF;
                               END IF;
                            END IF;
                         END IF;
                      END IF;
                    END IF;
                  END IF;
                END IF;
              END IF;
            END IF;
         END IF;
      END IF; 
    END IF;
  END IF;
END IF;
END$$

CREATE DEFINER=`root`@`localhost` PROCEDURE `PA_ConsultarProyectosSalida` (IN `orden` INT, IN `nombreC` VARCHAR(45), IN `nombreP` VARCHAR(45), IN `fecha` VARCHAR(10))  NO SQL
BEGIN

IF orden='' and nombreC='' and nombreP='' and fecha='' THEN
SELECT p.numero_orden,u.nombres,p.nombre_cliente,p.nombre_proyecto,DATE_FORMAT(p.fecha_ingreso,'%d-%M-%Y %h:%i %p') as ingreso,p.fecha_entrega,DATE_FORMAT(p.fecha_salidal,'%d-%M-%Y %h:%i %p') as salida,e.nombre,p.tipo_proyecto,p.FE,p.TE,p.IN,p.ruteoC,p.antisolderC,p.ruteoP,p.antisolderP FROM usuario u JOIN proyecto p ON u.numero_documento=p.usuario_numero_documento LEFT JOIN estado e on p.estado_idestado=e.idestado;
ELSE
  IF orden!='' and nombreC='' and nombreP='' and fecha='' THEN
SELECT p.numero_orden,u.nombres,p.nombre_cliente,p.nombre_proyecto,DATE_FORMAT(p.fecha_ingreso,'%d-%M-%Y %h:%i %p') as     ingreso,p.fecha_entrega,DATE_FORMAT(p.fecha_salidal,'%d-%M-%Y %h:%i %p') as salida,e.nombre,p.tipo_proyecto,p.FE,p.TE,p.IN,p.ruteoC,p.antisolderC,p.ruteoP,p.antisolderP FROM usuario u JOIN proyecto p ON u.numero_documento=p.usuario_numero_documento LEFT JOIN estado e on p.estado_idestado=e.idestado WHERE p.numero_orden LIKE concat(orden,'%');
  ELSE 
    IF orden='' and nombreC!='' and nombreP='' and fecha='' THEN
SELECT p.numero_orden,u.nombres,p.nombre_cliente,p.nombre_proyecto,DATE_FORMAT(p.fecha_ingreso,'%d-%M-%Y %h:%i %p') as     ingreso,p.fecha_entrega,DATE_FORMAT(p.fecha_salidal,'%d-%M-%Y %h:%i %p') as salida,e.nombre,p.tipo_proyecto,p.FE,p.TE,p.IN,p.ruteoC,p.antisolderC,p.ruteoP,p.antisolderP FROM usuario u JOIN proyecto p ON u.numero_documento=p.usuario_numero_documento LEFT JOIN estado e on p.estado_idestado=e.idestado WHERE p.nombre_cliente LIKE concat(nombreC,'%');
    ELSE
      IF orden='' and nombreC='' and nombreP!='' and fecha='' THEN
SELECT p.numero_orden,u.nombres,p.nombre_cliente,p.nombre_proyecto,DATE_FORMAT(p.fecha_ingreso,'%d-%M-%Y %h:%i %p') as     ingreso,p.fecha_entrega,DATE_FORMAT(p.fecha_salidal,'%d-%M-%Y %h:%i %p') as salida,e.nombre,p.tipo_proyecto,p.FE,p.TE,p.IN,p.ruteoC,p.antisolderC,p.ruteoP,p.antisolderP FROM usuario u JOIN proyecto p ON u.numero_documento=p.usuario_numero_documento LEFT JOIN estado e on p.estado_idestado=e.idestado WHERE p.nombre_proyecto LIKE concat(nombreP,'%');
       ELSE
         IF orden!='' and nombreC!='' and nombreP='' and fecha='' THEN
SELECT p.numero_orden,u.nombres,p.nombre_cliente,p.nombre_proyecto,DATE_FORMAT(p.fecha_ingreso,'%d-%M-%Y %h:%i %p') as     ingreso,p.fecha_entrega,DATE_FORMAT(p.fecha_salidal,'%d-%M-%Y %h:%i %p') as salida,e.nombre,p.tipo_proyecto,p.FE,p.TE,p.IN,p.ruteoC,p.antisolderC,p.ruteoP,p.antisolderP FROM usuario u JOIN proyecto p ON u.numero_documento=p.usuario_numero_documento LEFT JOIN estado e on p.estado_idestado=e.idestado WHERE p.numero_orden LIKE concat(orden,'%') AND p.nombre_cliente LIKE concat(nombreC,'%');
	      ELSE
            IF orden='' and nombreC!='' and nombreP!='' and fecha='' THEN
SELECT p.numero_orden,u.nombres,p.nombre_cliente,p.nombre_proyecto,DATE_FORMAT(p.fecha_ingreso,'%d-%M-%Y %h:%i %p') as     ingreso,p.fecha_entrega,DATE_FORMAT(p.fecha_salidal,'%d-%M-%Y %h:%i %p') as salida,e.nombre,p.tipo_proyecto,p.FE,p.TE,p.IN,p.ruteoC,p.antisolderC,p.ruteoP,p.antisolderP FROM usuario u JOIN proyecto p ON u.numero_documento=p.usuario_numero_documento LEFT JOIN estado e on p.estado_idestado=e.idestado WHERE p.nombre_cliente LIKE concat(nombreC,'%') AND p.nombre_proyecto LIKE concat(nombreP,'%');
            ELSE
              IF orden!='' and nombreC='' and nombreP!='' and fecha='' THEN
SELECT p.numero_orden,u.nombres,p.nombre_cliente,p.nombre_proyecto,DATE_FORMAT(p.fecha_ingreso,'%d-%M-%Y %h:%i %p') as     ingreso,p.fecha_entrega,DATE_FORMAT(p.fecha_salidal,'%d-%M-%Y %h:%i %p') as salida,e.nombre,p.tipo_proyecto,p.FE,p.TE,p.IN,p.ruteoC,p.antisolderC,p.ruteoP,p.antisolderP FROM usuario u JOIN proyecto p ON u.numero_documento=p.usuario_numero_documento LEFT JOIN estado e on p.estado_idestado=e.idestado WHERE p.numero_orden LIKE concat(orden,'%') AND p.nombre_proyecto LIKE concat(nombreP,'%');
              ELSE
                IF orden!='' and nombreC!='' and nombreP!='' and fecha='' THEN
SELECT p.numero_orden,u.nombres,p.nombre_cliente,p.nombre_proyecto,DATE_FORMAT(p.fecha_ingreso,'%d-%M-%Y %h:%i %p') as     ingreso,p.fecha_entrega,DATE_FORMAT(p.fecha_salidal,'%d-%M-%Y %h:%i %p') as salida,e.nombre,p.tipo_proyecto,p.FE,p.TE,p.IN,p.ruteoC,p.antisolderC,p.ruteoP,p.antisolderP FROM usuario u JOIN proyecto p ON u.numero_documento=p.usuario_numero_documento LEFT JOIN estado e on p.estado_idestado=e.idestado WHERE p.numero_orden LIKE concat(orden,'%') AND p.nombre_cliente LIKE concat(nombreC,'%') AND p.nombre_proyecto LIKE concat(nombreP,'%');
                ELSE
                  IF orden='' and nombreC='' and nombreP='' and fecha!='' THEN
SELECT p.numero_orden,u.nombres,p.nombre_cliente,p.nombre_proyecto,DATE_FORMAT(p.fecha_ingreso,'%d-%M-%Y %h:%i %p') as     ingreso,p.fecha_entrega,DATE_FORMAT(p.fecha_salidal,'%d-%M-%Y %h:%i %p') as salida,e.nombre,p.tipo_proyecto,p.FE,p.TE,p.IN,p.ruteoC,p.antisolderC,p.ruteoP,p.antisolderP FROM usuario u JOIN proyecto p ON u.numero_documento=p.usuario_numero_documento LEFT JOIN estado e on p.estado_idestado=e.idestado WHERE DATE_FORMAT(p.fecha_salidal,'%Y-%m-%d')=fecha;
				  ELSE
                    IF orden!='' and nombreC='' and nombreP='' and fecha!='' THEN
SELECT p.numero_orden,u.nombres,p.nombre_cliente,p.nombre_proyecto,DATE_FORMAT(p.fecha_ingreso,'%d-%M-%Y %h:%i %p') as     ingreso,p.fecha_entrega,DATE_FORMAT(p.fecha_salidal,'%d-%M-%Y %h:%i %p') as salida,e.nombre,p.tipo_proyecto,p.FE,p.TE,p.IN,p.ruteoC,p.antisolderC,p.ruteoP,p.antisolderP FROM usuario u JOIN proyecto p ON u.numero_documento=p.usuario_numero_documento LEFT JOIN estado e on p.estado_idestado=e.idestado WHERE p.numero_orden LIKE concat(orden,'%') AND DATE_FORMAT(p.fecha_salidal,'%Y-%m-%d')=fecha;
 					ELSE
                      IF orden='' and nombreC!='' and nombreP='' and fecha!='' THEN
SELECT p.numero_orden,u.nombres,p.nombre_cliente,p.nombre_proyecto,DATE_FORMAT(p.fecha_ingreso,'%d-%M-%Y %h:%i %p') as     ingreso,p.fecha_entrega,DATE_FORMAT(p.fecha_salidal,'%d-%M-%Y %h:%i %p') as salida,e.nombre,p.tipo_proyecto,p.FE,p.TE,p.IN,p.ruteoC,p.antisolderC,p.ruteoP,p.antisolderP FROM usuario u JOIN proyecto p ON u.numero_documento=p.usuario_numero_documento LEFT JOIN estado e on p.estado_idestado=e.idestado WHERE p.nombre_cliente LIKE concat(nombreC,'%') AND DATE_FORMAT(p.fecha_salidal,'%Y-%m-%d')=fecha;                     					  ELSE
					     IF orden='' and nombreC='' and nombreP!='' and fecha!='' THEN
SELECT p.numero_orden,u.nombres,p.nombre_cliente,p.nombre_proyecto,DATE_FORMAT(p.fecha_ingreso,'%d-%M-%Y %h:%i %p') as     ingreso,p.fecha_entrega,DATE_FORMAT(p.fecha_salidal,'%d-%M-%Y %h:%i %p') as salida,e.nombre,p.tipo_proyecto,p.FE,p.TE,p.IN,p.ruteoC,p.antisolderC,p.ruteoP,p.antisolderP FROM usuario u JOIN proyecto p ON u.numero_documento=p.usuario_numero_documento LEFT JOIN estado e on p.estado_idestado=e.idestado WHERE p.nombre_proyecto LIKE concat(nombreP,'%') AND DATE_FORMAT(p.fecha_salidal,'%Y-%m-%d')=fecha;  
                          ELSE
                            IF orden!='' and nombreC!='' and nombreP='' and fecha!='' THEN
SELECT p.numero_orden,u.nombres,p.nombre_cliente,p.nombre_proyecto,DATE_FORMAT(p.fecha_ingreso,'%d-%M-%Y %h:%i %p') as     ingreso,p.fecha_entrega,DATE_FORMAT(p.fecha_salidal,'%d-%M-%Y %h:%i %p') as salida,e.nombre,p.tipo_proyecto,p.FE,p.TE,p.IN,p.ruteoC,p.antisolderC,p.ruteoP,p.antisolderP FROM usuario u JOIN proyecto p ON u.numero_documento=p.usuario_numero_documento LEFT JOIN estado e on p.estado_idestado=e.idestado WHERE p.nombre_cliente LIKE concat(nombreC,'%') AND p.numero_orden LIKE concat(orden,'%') AND DATE_FORMAT(p.fecha_salidal,'%Y-%m-%d')=fecha;  
						     ELSE
                               IF orden!='' and nombreC='' and nombreP!='' and fecha!='' THEN
SELECT p.numero_orden,u.nombres,p.nombre_cliente,p.nombre_proyecto,DATE_FORMAT(p.fecha_ingreso,'%d-%M-%Y %h:%i %p') as     ingreso,p.fecha_entrega,DATE_FORMAT(p.fecha_salidal,'%d-%M-%Y %h:%i %p') as salida,e.nombre,p.tipo_proyecto,p.FE,p.TE,p.IN,p.ruteoC,p.antisolderC,p.ruteoP,p.antisolderP FROM usuario u JOIN proyecto p ON u.numero_documento=p.usuario_numero_documento LEFT JOIN estado e on p.estado_idestado=e.idestado WHERE p.nombre_proyecto LIKE concat(nombreP,'%') AND p.numero_orden LIKE concat(orden,'%') AND DATE_FORMAT(p.fecha_salidal,'%Y-%m-%d')=fecha;  
                               ELSE
                                 IF orden='' and nombreC!='' and nombreP!='' and fecha!='' THEN
SELECT p.numero_orden,u.nombres,p.nombre_cliente,p.nombre_proyecto,DATE_FORMAT(p.fecha_ingreso,'%d-%M-%Y %h:%i %p') as     ingreso,p.fecha_entrega,DATE_FORMAT(p.fecha_salidal,'%d-%M-%Y %h:%i %p') as salida,e.nombre,p.tipo_proyecto,p.FE,p.TE,p.IN,p.ruteoC,p.antisolderC,p.ruteoP,p.antisolderP FROM usuario u JOIN proyecto p ON u.numero_documento=p.usuario_numero_documento LEFT JOIN estado e on p.estado_idestado=e.idestado WHERE p.nombre_cliente LIKE concat(nombreC,'%') AND p.nombre_proyecto LIKE concat(nombreP,'%') AND DATE_FORMAT(p.fecha_salidal,'%Y-%m-%d')=fecha;
                                 ELSE
                                   IF orden!='' and nombreC!='' and nombreP!='' and fecha!='' THEN 
SELECT p.numero_orden,u.nombres,p.nombre_cliente,p.nombre_proyecto,DATE_FORMAT(p.fecha_ingreso,'%d-%M-%Y %h:%i %p') as     ingreso,p.fecha_entrega,DATE_FORMAT(p.fecha_salidal,'%d-%M-%Y %h:%i %p') as salida,e.nombre,p.tipo_proyecto,p.FE,p.TE,p.IN,p.ruteoC,p.antisolderC,p.ruteoP,p.antisolderP FROM usuario u JOIN proyecto p ON u.numero_documento=p.usuario_numero_documento LEFT JOIN estado e on p.estado_idestado=e.idestado WHERE p.numero_orden LIKE concat(orden,'%') AND p.nombre_cliente LIKE concat(nombreC,'%') AND p.nombre_proyecto LIKE concat(nombreP,'%') AND DATE_FORMAT(p.fecha_salidal,'%Y-%m-%d')=fecha;                                   
                                   END IF;
                                 END IF;
                               END IF;
                            END IF;
                         END IF;
                      END IF;
                    END IF;
                  END IF;
                END IF;
              END IF;
            END IF;
         END IF;
      END IF; 
    END IF;
  END IF;
END IF;
END$$

CREATE DEFINER=`root`@`localhost` PROCEDURE `PA_ConsultarUsuarios` (IN `doc` VARCHAR(13), IN `nombreApe` VARCHAR(50), IN `cargo` TINYINT)  NO SQL
IF doc='' AND nombreApe='' and cargo=0 THEN
SELECT u.numero_documento,u.tipo_documento,u.nombres,u.apellidos,c.nombre,u.imagen,u.estado FROM usuario u INNER JOIN cargo c on u.cargo_idcargo=c.idcargo;
ELSE
  IF doc!='' AND nombreApe='' and cargo=0 THEN
	SELECT u.numero_documento,u.tipo_documento,u.nombres,u.apellidos,c.nombre,u.imagen,u.estado FROM usuario u INNER JOIN cargo c on u.cargo_idcargo=c.idcargo WHERE u.numero_documento LIKE CONCAT(doc, '%');
 ELSE
     IF doc='' AND nombreApe!='' and cargo=0 THEN 
	  SELECT u.numero_documento,u.tipo_documento,u.nombres,u.apellidos,c.nombre,u.imagen,u.estado FROM usuario u INNER JOIN cargo c on u.cargo_idcargo=c.idcargo WHERE u.nombres like CONCAT('%', nombreApe, '%') or u.apellidos like CONCAT('%', nombreApe, '%');
     ELSE
        IF doc='' AND nombreApe='' and cargo!=0 THEN
        	  SELECT u.numero_documento,u.tipo_documento,u.nombres,u.apellidos,c.nombre,u.imagen,u.estado FROM usuario u INNER JOIN cargo c on u.cargo_idcargo=c.idcargo WHERE u.cargo_idcargo =cargo;
        ELSE
            IF doc='' AND nombreApe!='' and cargo!=0 THEN
            	  SELECT u.numero_documento,u.tipo_documento,u.nombres,u.apellidos,c.nombre,u.imagen,u.estado FROM usuario u INNER JOIN cargo c on u.cargo_idcargo=c.idcargo WHERE u.cargo_idcargo =cargo AND u.nombres like CONCAT('%', nombreApe, '%') or u.apellidos like CONCAT('%', nombreApe, '%');
             ELSE
              IF doc!='' AND nombreApe!='' and cargo!=0 THEN
                          	  SELECT u.numero_documento,u.tipo_documento,u.nombres,u.apellidos,c.nombre,u.imagen,u.estado FROM usuario u INNER JOIN cargo c on u.cargo_idcargo=c.idcargo WHERE u.cargo_idcargo =cargo AND u.numero_documento LIKE CONCAT(doc, '%') AND (u.nombres like CONCAT('%', nombreApe, '%') or u.apellidos like CONCAT('%', nombreApe, '%'));         ELSE
                  IF doc!='' AND nombreApe='' and cargo!=0 THEN
                                        	  SELECT u.numero_documento,u.tipo_documento,u.nombres,u.apellidos,c.nombre,u.imagen,u.estado FROM usuario u INNER JOIN cargo c on u.cargo_idcargo=c.idcargo WHERE u.cargo_idcargo =cargo AND u.numero_documento LIKE CONCAT(doc, '%');
                    ELSE
                    IF doc!='' AND nombreApe!='' and cargo=0 THEN
                     SELECT u.numero_documento,u.tipo_documento,u.nombres,u.apellidos,c.nombre,u.imagen,u.estado FROM usuario u INNER JOIN cargo c on u.cargo_idcargo=c.idcargo WHERE u.numero_documento LIKE CONCAT(doc, '%') AND u.nombres like CONCAT('%', nombreApe, '%') or u.apellidos like CONCAT('%', nombreApe, '%');
                    END IF;
                  END IF;
              END IF;
            END IF;
        END IF;
    END IF;
  END IF;
END IF$$

CREATE DEFINER=`root`@`localhost` PROCEDURE `PA_DetalleDelDetalleDelproyecto` (IN `detalle` INT, IN `negocio` INT)  NO SQL
BEGIN

IF negocio=1 THEN
SELECT p.nombre_proceso,Date_Format(f.fecha_inicio,'%d-%M-%Y'),Date_format(f.fecha_fin,'%d-%M-%Y'),f.cantidad_terminada,f.tiempo_total_por_proceso,f.tiempo_por_unidad,e.nombre,TIME_FORMAT(f.hora_ejecucion,'%r'),TIME_FORMAT(TIMEDIFF(CURRENT_TIME,f.hora_ejecucion),'%H:%i'),TIME_FORMAT(f.hora_terminacion,'%r'),TIME_FORMAT(TIMEDIFF(TIME_FORMAT(f.hora_terminacion,'%H:%i'),TIME_FORMAT(f.hora_ejecucion,'%H:%i')),'%H:%i') FROM detalle_formato_estandar f JOIN procesos p on f.Procesos_idproceso=p.idproceso JOIN estado e on f.estado_idestado=e.idestado where f.detalle_proyecto_idDetalle_proyecto=detalle ORDER BY f.Procesos_idproceso ASC;
ELSE
  IF negocio=2 THEN
  SELECT p.nombre_proceso,Date_Format(f.fecha_inicio,'%d-%M-%Y'),Date_format(f.fecha_fin,'%d-%M-%Y'),f.cantidad_terminada,f.tiempo_total_proceso,f.tiempo_por_unidad,e.nombre,TIME_FORMAT(f.hora_ejecucion,'%r'),TIME_FORMAT(TIMEDIFF(CURRENT_TIME,f.hora_ejecucion),'%H:%i'),TIME_FORMAT(f.hora_terminacion,'%r'),TIME_FORMAT(TIMEDIFF(f.hora_terminacion,f.hora_ejecucion),'%H:%i') FROM detalle_teclados f JOIN procesos p on f.Procesos_idproceso=p.idproceso JOIN estado e on f.estado_idestado=e.idestado where f.detalle_proyecto_idDetalle_proyecto=detalle ORDER BY f.Procesos_idproceso ASC;
  ELSE
   IF negocio=3 THEN
SELECT p.nombre_proceso,Date_Format(f.fecha_inicio,'%d-%M-%Y'),Date_format(f.fecha_fin,'%d-%M-%Y'),f.cantidad_terminada,f.tiempo_total_por_proceso,f.tiempo_por_unidad,e.nombre,TIME_FORMAT(f.hora_ejecucion,'%r'),TIME_FORMAT(TIMEDIFF(CURRENT_TIME,f.hora_ejecucion),'%H:%i'),TIME_FORMAT(f.hora_terminacion,'%r'),TIME_FORMAT(TIMEDIFF(f.hora_terminacion,f.hora_ejecucion),'%H:%i') FROM detalle_ensamble f JOIN procesos p on f.Procesos_idproceso=p.idproceso JOIN estado e on f.estado_idestado=e.idestado where f.detalle_proyecto_idDetalle_proyecto=detalle ORDER BY f.Procesos_idproceso ASC;
   END IF;
  END IF;
END IF;
END$$

CREATE DEFINER=`root`@`localhost` PROCEDURE `PA_DetalleProyectosProduccion` (IN `orden` INT, IN `negocio` INT)  NO SQL
BEGIN

SELECT d.idDetalle_proyecto,t.nombre  FROM detalle_proyecto d JOIN tipo_negocio t on d.tipo_negocio_idtipo_negocio=t.idtipo_negocio WHERE d.proyecto_numero_orden=orden and d.negocio_idnegocio=negocio AND d.PNC=0;

END$$

CREATE DEFINER=`root`@`localhost` PROCEDURE `PA_FechaServidor` ()  NO SQL
SELECT DATE_FORMAT(CURDATE(),'%d-%M-%Y')$$

CREATE DEFINER=`root`@`localhost` PROCEDURE `PA_InformacionDeTodaElAreaDeProduccion` ()  NO SQL
BEGIN

SELECT  DATE_FORMAT(CURDATE(),'%d-%M-%Y') as fecha,COUNT(*) as cantidad FROM detalle_proyecto d GROUP BY d.negocio_idnegocio ORDER BY d.negocio_idnegocio ASC;

END$$

CREATE DEFINER=`root`@`localhost` PROCEDURE `PA_InformacionProyectosProduccion` (IN `negocio` INT, IN `orden` INT, IN `clien` VARCHAR(40), IN `proyecto` VARCHAR(40), IN `tipo` VARCHAR(6))  NO SQL
BEGIN

IF orden=0 AND clien='' AND proyecto='' AND tipo='' THEN
  SELECT DISTINCT(d.proyecto_numero_orden) FROM detalle_proyecto d where d.negocio_idnegocio=negocio;
ELSE
 IF orden!=0 AND clien='' AND proyecto='' AND tipo='' THEN
 	 SELECT DISTINCT(d.proyecto_numero_orden) FROM detalle_proyecto d where d.negocio_idnegocio=negocio AND d.proyecto_numero_orden LIKE CONCAT(orden,'%') ;
 ELSE
  IF orden=0 AND clien!='' AND proyecto='' AND tipo='' THEN
  	  SELECT DISTINCT(d.proyecto_numero_orden) FROM detalle_proyecto d JOIN proyecto p on d.proyecto_numero_orden=p.numero_orden where d.negocio_idnegocio=negocio AND         p.nombre_cliente LIKE CONCAT('%',clien,'%');
  ELSE
   IF orden=0 AND clien='' AND proyecto!='' AND tipo='' THEN
   	  SELECT DISTINCT(d.proyecto_numero_orden) FROM detalle_proyecto d JOIN proyecto p on d.proyecto_numero_orden=p.numero_orden where d.negocio_idnegocio=negocio AND         p.nombre_proyecto LIKE CONCAT(proyecto,'%');
   ELSE
    IF orden=0 AND clien='' AND proyecto='' AND tipo!='' THEN
       SELECT DISTINCT(d.proyecto_numero_orden) FROM detalle_proyecto d JOIN proyecto p on d.proyecto_numero_orden=p.numero_orden where d.negocio_idnegocio=negocio AND        p.tipo_proyecto=tipo;
    ELSE
     IF orden!=0 AND clien!='' AND proyecto='' AND tipo='' THEN
        SELECT DISTINCT(d.proyecto_numero_orden) FROM detalle_proyecto d JOIN proyecto p on d.proyecto_numero_orden=p.numero_orden where d.proyecto_numero_orden LIKE           CONCAT(orden,'%') AND p.nombre_cliente LIKE CONCAT('%',clien,'%') AND d.negocio_idnegocio=negocio;
     ELSE 
      IF orden!=0 AND clien='' AND proyecto!='' AND tipo='' THEN
        SELECT DISTINCT(d.proyecto_numero_orden) FROM detalle_proyecto d JOIN proyecto p on d.proyecto_numero_orden=p.numero_orden where d.proyecto_numero_orden LIKE           CONCAT(orden,'%') AND p.nombre_proyecto LIKE CONCAT(proyecto,'%') AND d.negocio_idnegocio=negocio;
      ELSE
       IF orden!=0 AND clien='' AND proyecto='' AND tipo!='' THEN
       	 SELECT DISTINCT(d.proyecto_numero_orden) FROM detalle_proyecto d JOIN proyecto p on d.proyecto_numero_orden=p.numero_orden where d.proyecto_numero_orden LIKE            CONCAT(orden,'%') AND p.tipo_proyecto=tipo AND d.negocio_idnegocio=negocio;
       ELSE
        IF orden=0 AND clien!='' AND proyecto!='' AND tipo='' THEN
          SELECT DISTINCT(d.proyecto_numero_orden) FROM detalle_proyecto d JOIN proyecto p on d.proyecto_numero_orden=p.numero_orden where p.nombre_cliente LIKE                   CONCAT('%',clien,'%') AND p.nombre_proyecto LIKE CONCAT(proyecto,'%') AND d.negocio_idnegocio=negocio;
        ELSE
         IF orden=0 AND clien!='' AND proyecto='' AND tipo!='' THEN
           SELECT DISTINCT(d.proyecto_numero_orden) FROM detalle_proyecto d JOIN proyecto p on d.proyecto_numero_orden=p.numero_orden where p.nombre_cliente LIKE                  CONCAT('%',clien,'%') AND p.tipo_proyecto=tipo AND d.negocio_idnegocio=negocio;
         ELSE
          IF orden=0 AND clien='' AND proyecto!='' AND tipo!='' THEN
            SELECT DISTINCT(d.proyecto_numero_orden) FROM detalle_proyecto d JOIN proyecto p on d.proyecto_numero_orden=p.numero_orden where p.nombre_proyecto LIKE                 CONCAT(proyecto,'%') AND p.tipo_proyecto=tipo AND d.negocio_idnegocio=negocio;
          ELSE
           IF orden!=0 AND clien!='' AND proyecto!='' AND tipo='' THEN
           SELECT DISTINCT(d.proyecto_numero_orden) FROM detalle_proyecto d JOIN proyecto p on d.proyecto_numero_orden=p.numero_orden where d.proyecto_numero_orden LIKE            CONCAT(orden,'%') AND p.nombre_proyecto LIKE CONCAT(proyecto,'%') AND p.nombre_cliente LIKE CONCAT('%',clien,'%') AND d.negocio_idnegocio=negocio;
           ELSE
            IF orden=0 AND clien!='' AND proyecto!='' AND tipo!='' THEN
             SELECT DISTINCT(d.proyecto_numero_orden) FROM detalle_proyecto d JOIN proyecto p on d.proyecto_numero_orden=p.numero_orden where p.tipo_proyecto=tipo AND                p.nombre_proyecto LIKE CONCAT(proyecto,'%') AND p.nombre_cliente LIKE CONCAT('%',clien,'%') AND d.negocio_idnegocio=negocio;
            ELSE
             IF orden!=0 AND clien='' AND proyecto!='' AND tipo!='' THEN
           SELECT DISTINCT(d.proyecto_numero_orden) FROM detalle_proyecto d JOIN proyecto p on d.proyecto_numero_orden=p.numero_orden where d.proyecto_numero_orden LIKE            CONCAT(orden,'%') AND p.nombre_proyecto LIKE CONCAT(proyecto,'%') AND p.tipo_proyecto=tipo AND d.negocio_idnegocio=negocio;
             ELSE
              IF orden!=0 AND clien!='' AND proyecto='' AND tipo!='' THEN
           SELECT DISTINCT(d.proyecto_numero_orden) FROM detalle_proyecto d JOIN proyecto p on 
d.proyecto_numero_orden=p.numero_orden where d.proyecto_numero_orden LIKE            CONCAT(orden,'%') AND p.nombre_cliente LIKE 
CONCAT('%',clien,'%') AND p.tipo_proyecto=tipo AND d.negocio_idnegocio=negocio;
              ELSE
               IF orden!=0 AND clien!='' AND proyecto!='' AND tipo!='' THEN
           SELECT DISTINCT(d.proyecto_numero_orden) FROM detalle_proyecto d JOIN proyecto p on 
d.proyecto_numero_orden=p.numero_orden where d.proyecto_numero_orden LIKE            CONCAT(orden,'%') AND p.nombre_cliente LIKE 
CONCAT('%',clien,'%') AND p.nombre_cliente LIKE CONCAT(proyecto,'%') AND p.tipo_proyecto=tipo AND                            
d.negocio_idnegocio=negocio;
               END IF;
              END IF;
             END IF;
            END IF; 
           END IF;
          END IF; 
         END IF; 
        END IF;
       END IF;
      END IF;
     END IF;
    END IF;
   END IF;
  END IF;
 END IF;
END IF;

END$$

CREATE DEFINER=`root`@`localhost` PROCEDURE `PA_InformacionQR` (IN `orden` INT)  NO SQL
BEGIN
SELECT d.idDetalle_proyecto,d.tipo_negocio_idtipo_negocio,d.negocio_idnegocio from detalle_proyecto d JOIN tipo_negocio t ON d.tipo_negocio_idtipo_negocio=t.idtipo_negocio where d.proyecto_numero_orden=orden and d.PNC=0;
END$$

CREATE DEFINER=`root`@`localhost` PROCEDURE `PA_IniciarRenaudarTomaDeTiempoProcesos` (IN `orden` INT, IN `detalle` INT, IN `lector` INT, IN `busqueda` INT)  NO SQL
BEGIN
DECLARE id int;
DECLARE id1 int;

IF busqueda=1 THEN

set id=(SELECT f.idDetalle_formato_estandar from detalle_formato_estandar f JOIN detalle_proyecto d on f.detalle_proyecto_idDetalle_proyecto=d.idDetalle_proyecto where d.proyecto_numero_orden=orden AND d.idDetalle_proyecto=detalle and f.Procesos_idproceso=lector and f.estado_idestado=1);

set id1=(SELECT f.idDetalle_formato_estandar from detalle_formato_estandar f JOIN detalle_proyecto d on f.detalle_proyecto_idDetalle_proyecto=d.idDetalle_proyecto where d.proyecto_numero_orden=orden AND d.idDetalle_proyecto=detalle and f.Procesos_idproceso=lector and f.estado_idestado=2);

IF id !='null' THEN
UPDATE detalle_formato_estandar f SET f.fecha_inicio=CURDATE(), f.estado_idestado=4, f.hora_ejecucion=CURRENT_TIME WHERE f.idDetalle_formato_estandar=id;
END IF;

IF id1 !='null' THEN
UPDATE detalle_formato_estandar f SET  f.estado_idestado=4, f.hora_ejecucion=CURRENT_TIME,f.hora_terminacion=null WHERE f.idDetalle_formato_estandar=id1;
END IF;

ELSE
  IF busqueda=2 THEN
  
  set id=(SELECT f.idDetalle_teclados from detalle_teclados f LEFT JOIN detalle_proyecto d on f.detalle_proyecto_idDetalle_proyecto=d.idDetalle_proyecto where d.proyecto_numero_orden=orden AND d.idDetalle_proyecto=detalle and f.Procesos_idproceso=lector and f.estado_idestado=1);

set id1=(SELECT f.idDetalle_teclados from detalle_teclados f LEFT JOIN detalle_proyecto d on f.detalle_proyecto_idDetalle_proyecto=d.idDetalle_proyecto where d.proyecto_numero_orden=orden AND d.idDetalle_proyecto=detalle and f.Procesos_idproceso=lector and f.estado_idestado=2);

IF id !='null' THEN
UPDATE detalle_teclados f SET f.fecha_inicio=CURDATE(), f.estado_idestado=4, f.hora_ejecucion=CURRENT_TIME WHERE f.idDetalle_teclados=id ;
END IF;

IF id1 !='null' THEN
UPDATE detalle_teclados f SET f.estado_idestado=4, f.hora_ejecucion=CURRENT_TIME,f.hora_terminacion=null WHERE f.idDetalle_teclados=id1 ;
END IF;
  
  ELSE 
    IF busqueda =3 THEN
    
set id=(SELECT f.idDetalle_ensamble from detalle_ensamble f LEFT JOIN detalle_proyecto d on f.detalle_proyecto_idDetalle_proyecto=d.idDetalle_proyecto where d.proyecto_numero_orden=orden AND d.idDetalle_proyecto=detalle and f.Procesos_idproceso=lector and f.estado_idestado=1);

set id1=(SELECT f.idDetalle_ensamble from detalle_ensamble f LEFT JOIN detalle_proyecto d on f.detalle_proyecto_idDetalle_proyecto=d.idDetalle_proyecto where d.proyecto_numero_orden=orden AND d.idDetalle_proyecto=detalle and f.Procesos_idproceso=lector and f.estado_idestado=2); 

IF id !='null' THEN
UPDATE detalle_teclados f SET f.fecha_inicio=CURDATE(), f.estado_idestado=4, f.hora_ejecucion=CURRENT_TIME WHERE f.idDetalle_teclados=id;
END IF;

IF id1 !='null' THEN
UPDATE detalle_teclados f SET  f.estado_idestado=4, f.hora_ejecucion=CURRENT_TIME,f.hora_terminacion=null WHERE f.idDetalle_teclados=id1 ;
END IF;
    
    END IF;
    
  END IF;

END IF;
END$$

CREATE DEFINER=`root`@`localhost` PROCEDURE `PA_ModificarDetalleFormatoEstandar` (IN `orden` INT, IN `detalle` INT)  NO SQL
BEGIN
IF (SELECT tipo_negocio_idtipo_negocio from detalle_proyecto WHERE proyecto_numero_orden=orden and idDetalle_proyecto=detalle
)=1  THEN


  IF (SELECT ruteoC from proyecto WHERE numero_orden=orden)=1 THEN
    
     IF (SELECT f.Procesos_idproceso from detalle_proyecto d JOIN detalle_formato_estandar f ON 
     d.idDetalle_proyecto=f.detalle_proyecto_idDetalle_proyecto WHERE d.proyecto_numero_orden=orden and 
     f.detalle_proyecto_idDetalle_proyecto=detalle and f.Procesos_idproceso=9) THEN         
	   select "hola1";    
      ELSE
     INSERT INTO `detalle_formato_estandar`(`tiempo_por_unidad`, `tiempo_total_por_proceso`, `cantidad_terminada`, 
     `detalle_proyecto_idDetalle_proyecto`, `Procesos_idproceso`, `estado_idestado`) VALUES
     ('0','0','0',detalle,9,1);
    END IF;
       
    ELSE
       
      IF (SELECT f.Procesos_idproceso from detalle_proyecto d JOIN detalle_formato_estandar f ON 
      d.idDetalle_proyecto=f.detalle_proyecto_idDetalle_proyecto WHERE d.proyecto_numero_orden=orden and 
      f.detalle_proyecto_idDetalle_proyecto=detalle and f.Procesos_idproceso=9) THEN
        DELETE FROM detalle_formato_estandar  WHERE detalle_proyecto_idDetalle_proyecto=detalle and Procesos_idproceso=9; 
      END IF;
    
  END IF;
  
 IF (SELECT antisolderC from proyecto WHERE numero_orden=orden)=1 THEN
    
     IF (SELECT f.Procesos_idproceso from detalle_proyecto d JOIN detalle_formato_estandar f ON 
     d.idDetalle_proyecto=f.detalle_proyecto_idDetalle_proyecto WHERE d.proyecto_numero_orden=orden and 
     f.detalle_proyecto_idDetalle_proyecto=detalle and f.Procesos_idproceso=6) THEN         
	   select "hola1";    
      ELSE
     INSERT INTO `detalle_formato_estandar`(`tiempo_por_unidad`, `tiempo_total_por_proceso`, `cantidad_terminada`, 
     `detalle_proyecto_idDetalle_proyecto`, `Procesos_idproceso`, `estado_idestado`) VALUES
     ('0','0','0',detalle,6,1);
    END IF;
       
    ELSE
       
      IF (SELECT f.Procesos_idproceso from detalle_proyecto d JOIN detalle_formato_estandar f ON 
      d.idDetalle_proyecto=f.detalle_proyecto_idDetalle_proyecto WHERE d.proyecto_numero_orden=orden and 
      f.detalle_proyecto_idDetalle_proyecto=detalle and f.Procesos_idproceso=6) THEN
        DELETE FROM detalle_formato_estandar  WHERE detalle_proyecto_idDetalle_proyecto=detalle and Procesos_idproceso=6; 
      END IF;
    
  END IF;


    ELSE
    

  IF (SELECT ruteoP from proyecto WHERE numero_orden=orden)=1 THEN
    
     IF (SELECT f.Procesos_idproceso from detalle_proyecto d JOIN detalle_formato_estandar f ON 
     d.idDetalle_proyecto=f.detalle_proyecto_idDetalle_proyecto WHERE d.proyecto_numero_orden=orden and 
     f.detalle_proyecto_idDetalle_proyecto=detalle and f.Procesos_idproceso=9) THEN         
	   select "hola1";    
      ELSE
     INSERT INTO `detalle_formato_estandar`(`tiempo_por_unidad`, `tiempo_total_por_proceso`, `cantidad_terminada`, 
     `detalle_proyecto_idDetalle_proyecto`, `Procesos_idproceso`, `estado_idestado`) VALUES
     ('0','0','0',detalle,9,1);
    END IF;
       
    ELSE
       
      IF (SELECT f.Procesos_idproceso from detalle_proyecto d JOIN detalle_formato_estandar f ON 
      d.idDetalle_proyecto=f.detalle_proyecto_idDetalle_proyecto WHERE d.proyecto_numero_orden=orden and 
      f.detalle_proyecto_idDetalle_proyecto=detalle and f.Procesos_idproceso=9) THEN
        DELETE FROM detalle_formato_estandar  WHERE detalle_proyecto_idDetalle_proyecto=detalle and Procesos_idproceso=9; 
      END IF;
    
  END IF;

 IF (SELECT antisolderP from proyecto WHERE numero_orden=orden)=1 THEN
    
     IF (SELECT f.Procesos_idproceso from detalle_proyecto d JOIN detalle_formato_estandar f ON 
     d.idDetalle_proyecto=f.detalle_proyecto_idDetalle_proyecto WHERE d.proyecto_numero_orden=orden and 
     f.detalle_proyecto_idDetalle_proyecto=detalle and f.Procesos_idproceso=6) THEN         
	   select "hola1";    
      ELSE
     INSERT INTO `detalle_formato_estandar`(`tiempo_por_unidad`, `tiempo_total_por_proceso`, `cantidad_terminada`, 
     `detalle_proyecto_idDetalle_proyecto`, `Procesos_idproceso`, `estado_idestado`) VALUES
     ('0','0','0',detalle,6,1);
    END IF;
       
    ELSE
       
      IF (SELECT f.Procesos_idproceso from detalle_proyecto d JOIN detalle_formato_estandar f ON 
      d.idDetalle_proyecto=f.detalle_proyecto_idDetalle_proyecto WHERE d.proyecto_numero_orden=orden and 
      f.detalle_proyecto_idDetalle_proyecto=detalle and f.Procesos_idproceso=6) THEN
        DELETE FROM detalle_formato_estandar  WHERE detalle_proyecto_idDetalle_proyecto=detalle and Procesos_idproceso=6; 
      END IF;
    
  END IF;
     

END IF;
END$$

CREATE DEFINER=`root`@`localhost` PROCEDURE `PA_PausarTomaDeTiempoDeProcesos` (IN `orden` INT, IN `detalle` INT, IN `lector` INT, IN `busqueda` INT, IN `tiempo` VARCHAR(6), IN `cantidad` INT, IN `est` TINYINT(1))  NO SQL
BEGIN
DECLARE id int;

IF est=2 THEN

IF busqueda=1 THEN

SET id=(SELECT f.idDetalle_formato_estandar from detalle_formato_estandar f JOIN detalle_proyecto d on f.detalle_proyecto_idDetalle_proyecto=d.idDetalle_proyecto where d.proyecto_numero_orden=orden AND d.idDetalle_proyecto=detalle and f.Procesos_idproceso=lector and f.estado_idestado=4);
 
 UPDATE detalle_formato_estandar f SET  f.estado_idestado=est, f.hora_terminacion= CURRENT_TIME,f.tiempo_total_por_proceso=tiempo,f.cantidad_terminada=cantidad WHERE f.idDetalle_formato_estandar=id ;

ELSE
 IF busqueda=2 THEN
 
 SET id=(SELECT f.idDetalle_teclados from detalle_teclados f JOIN detalle_proyecto d on f.detalle_proyecto_idDetalle_proyecto=d.idDetalle_proyecto where d.proyecto_numero_orden=orden AND d.idDetalle_proyecto=detalle and f.Procesos_idproceso=lector and f.estado_idestado=4);
 
 UPDATE detalle_teclados f SET  f.estado_idestado=est, f.hora_terminacion=CURRENT_TIME,f.tiempo_total_proceso=tiempo, f.cantidad_terminada=cantidad WHERE f.idDetalle_teclados=id ;
 
 ELSE
  IF busqueda=3 THEN
  
  SET id=(SELECT f.idDetalle_ensamble from detalle_ensamble f JOIN detalle_proyecto d on f.detalle_proyecto_idDetalle_proyecto=d.idDetalle_proyecto where d.proyecto_numero_orden=orden AND d.idDetalle_proyecto=detalle and f.Procesos_idproceso=lector and f.estado_idestado=4);
  
  UPDATE detalle_ensamble f SET  f.estado_idestado=est, f.hora_terminacion= CURRENT_TIME,f.tiempo_total_por_proceso=tiempo,f.cantidad_terminada=cantidad WHERE f.idDetalle_ensamble=id ;
  
  END IF; 
 END IF;
END IF;

ELSE

IF busqueda=1 THEN

SET id=(SELECT f.idDetalle_formato_estandar from detalle_formato_estandar f JOIN detalle_proyecto d on f.detalle_proyecto_idDetalle_proyecto=d.idDetalle_proyecto where d.proyecto_numero_orden=orden AND d.idDetalle_proyecto=detalle and f.Procesos_idproceso=lector and f.estado_idestado=4);
 
 UPDATE detalle_formato_estandar f SET  f.estado_idestado=est,f.fecha_fin=CURRENT_DATE, f.hora_terminacion= CURRENT_TIME,f.tiempo_total_por_proceso=tiempo,f.cantidad_terminada=cantidad WHERE f.idDetalle_formato_estandar=id ;

ELSE
 IF busqueda=2 THEN
 
 SET id=(SELECT f.idDetalle_teclados from detalle_teclados f JOIN detalle_proyecto d on f.detalle_proyecto_idDetalle_proyecto=d.idDetalle_proyecto where d.proyecto_numero_orden=orden AND d.idDetalle_proyecto=detalle and f.Procesos_idproceso=lector and f.estado_idestado=4);
 
 UPDATE detalle_teclados f SET  f.estado_idestado=est,f.fecha_fin=CURRENT_DATE, f.hora_terminacion=CURRENT_TIME,f.tiempo_total_proceso=tiempo, f.cantidad_terminada=cantidad WHERE f.idDetalle_teclados=id ;
 
 ELSE
  IF busqueda=3 THEN
  
  SET id=(SELECT f.idDetalle_ensamble from detalle_ensamble f JOIN detalle_proyecto d on f.detalle_proyecto_idDetalle_proyecto=d.idDetalle_proyecto where d.proyecto_numero_orden=orden AND d.idDetalle_proyecto=detalle and f.Procesos_idproceso=lector and f.estado_idestado=4);
  
  UPDATE detalle_ensamble f SET  f.estado_idestado=est,f.fecha_fin=CURRENT_DATE, f.hora_terminacion= CURRENT_TIME,f.tiempo_total_por_proceso=tiempo,f.cantidad_terminada=cantidad WHERE f.idDetalle_ensamble=id;
  
  END IF; 
 END IF;
END IF;

END IF;

END$$

CREATE DEFINER=`root`@`localhost` PROCEDURE `PA_ProyectosEnEjecucion` (IN `negocio` INT)  NO SQL
BEGIN

IF negocio=1 THEN

SELECT d.proyecto_numero_orden FROM detalle_formato_estandar f JOIN detalle_proyecto d on f.detalle_proyecto_idDetalle_proyecto=d.idDetalle_proyecto WHERE f.estado_idestado=4 GROUP BY d.proyecto_numero_orden;


else
 IF negocio=2 THEN

SELECT d.proyecto_numero_orden FROM detalle_teclados f JOIN detalle_proyecto d on f.detalle_proyecto_idDetalle_proyecto=d.idDetalle_proyecto WHERE f.estado_idestado=4 GROUP BY d.proyecto_numero_orden;

 ELSE
  IF negocio=3 THEN

SELECT d.proyecto_numero_orden FROM detalle_ensamble f JOIN detalle_proyecto d on f.detalle_proyecto_idDetalle_proyecto=d.idDetalle_proyecto WHERE f.estado_idestado=4 GROUP BY d.proyecto_numero_orden;

  END IF;
 END IF;
END IF;
END$$

CREATE DEFINER=`root`@`localhost` PROCEDURE `PA_RegistrarDetalleEnsamble` (IN `proceso` TINYINT)  NO SQL
BEGIN
INSERT INTO `detalle_ensamble`(`tiempo_por_unidad`, `tiempo_total_por_proceso`, `cantidad_terminada`, `detalle_proyecto_idDetalle_proyecto`, `Procesos_idproceso`, `estado_idestado`) VALUES ('0','0','0',(SELECT MAX(idDetalle_proyecto) FROM detalle_proyecto),proceso,1);
END$$

CREATE DEFINER=`root`@`localhost` PROCEDURE `PA_RegistrarDetalleFormatoEstandar` ()  NO SQL
BEGIN
DECLARE tipo int;
DECLARE material varchar(3);
DECLARE antisolder int;
declare ruteo int;
set tipo=(SELECT tipo_negocio_idtipo_negocio FROM detalle_proyecto WHERE idDetalle_proyecto =(SELECT MAX(idDetalle_proyecto) FROM detalle_proyecto)); 

IF tipo=2 THEN
INSERT INTO `detalle_formato_estandar`(`tiempo_por_unidad`, `tiempo_total_por_proceso`, `cantidad_terminada`, `detalle_proyecto_idDetalle_proyecto`, `Procesos_idproceso`, `estado_idestado`) VALUES
('0','0','0',(SELECT MAX(idDetalle_proyecto) FROM detalle_proyecto),1,1);

INSERT INTO `detalle_formato_estandar`(`tiempo_por_unidad`, `tiempo_total_por_proceso`, `cantidad_terminada`, `detalle_proyecto_idDetalle_proyecto`, `Procesos_idproceso`, `estado_idestado`) VALUES
('0','0','0',(SELECT MAX(idDetalle_proyecto) FROM detalle_proyecto),3,1);

INSERT INTO `detalle_formato_estandar`(`tiempo_por_unidad`, `tiempo_total_por_proceso`, `cantidad_terminada`, `detalle_proyecto_idDetalle_proyecto`, `Procesos_idproceso`, `estado_idestado`) VALUES
('0','0','0',(SELECT MAX(idDetalle_proyecto) FROM detalle_proyecto),4,1);

INSERT INTO `detalle_formato_estandar`(`tiempo_por_unidad`, `tiempo_total_por_proceso`, `cantidad_terminada`, `detalle_proyecto_idDetalle_proyecto`, `Procesos_idproceso`, `estado_idestado`) VALUES
('0','0','0',(SELECT MAX(idDetalle_proyecto) FROM detalle_proyecto),5,1);

INSERT INTO `detalle_formato_estandar`(`tiempo_por_unidad`, `tiempo_total_por_proceso`, `cantidad_terminada`, `detalle_proyecto_idDetalle_proyecto`, `Procesos_idproceso`, `estado_idestado`) VALUES
('0','0','0',(SELECT MAX(idDetalle_proyecto) FROM detalle_proyecto),7,1);

INSERT INTO `detalle_formato_estandar`(`tiempo_por_unidad`, `tiempo_total_por_proceso`, `cantidad_terminada`, `detalle_proyecto_idDetalle_proyecto`, `Procesos_idproceso`, `estado_idestado`) VALUES
('0','0','0',(SELECT MAX(idDetalle_proyecto) FROM detalle_proyecto),8,1);

INSERT INTO `detalle_formato_estandar`(`tiempo_por_unidad`, `tiempo_total_por_proceso`, `cantidad_terminada`, `detalle_proyecto_idDetalle_proyecto`, `Procesos_idproceso`, `estado_idestado`) VALUES
('0','0','0',(SELECT MAX(idDetalle_proyecto) FROM detalle_proyecto),9,1);

INSERT INTO `detalle_formato_estandar`(`tiempo_por_unidad`, `tiempo_total_por_proceso`, `cantidad_terminada`, `detalle_proyecto_idDetalle_proyecto`, `Procesos_idproceso`, `estado_idestado`) VALUES
('0','0','0',(SELECT MAX(idDetalle_proyecto) FROM detalle_proyecto),10,1);
ELSE
IF tipo=3 or tipo=4 THEN
 INSERT INTO `detalle_formato_estandar`(`tiempo_por_unidad`, `tiempo_total_por_proceso`, `cantidad_terminada`, `detalle_proyecto_idDetalle_proyecto`, `Procesos_idproceso`, `estado_idestado`) VALUES
('0','0','0',(SELECT MAX(idDetalle_proyecto) FROM detalle_proyecto),1,1);

INSERT INTO `detalle_formato_estandar`(`tiempo_por_unidad`, `tiempo_total_por_proceso`, `cantidad_terminada`, `detalle_proyecto_idDetalle_proyecto`, `Procesos_idproceso`, `estado_idestado`) VALUES
('0','0','0',(SELECT MAX(idDetalle_proyecto) FROM detalle_proyecto),4,1);
ELSE
   IF tipo=6 THEN
 INSERT INTO `detalle_formato_estandar`(`tiempo_por_unidad`, `tiempo_total_por_proceso`, `cantidad_terminada`, `detalle_proyecto_idDetalle_proyecto`, `Procesos_idproceso`, `estado_idestado`) VALUES
('0','0','0',(SELECT MAX(idDetalle_proyecto) FROM detalle_proyecto),1,1);
ELSE
     IF tipo=1 or tipo=7 THEN
 INSERT INTO `detalle_formato_estandar`(`tiempo_por_unidad`, `tiempo_total_por_proceso`, `cantidad_terminada`, `detalle_proyecto_idDetalle_proyecto`, `Procesos_idproceso`, `estado_idestado`) VALUES
('0','0','0',(SELECT MAX(idDetalle_proyecto) FROM detalle_proyecto),1,1);

set material=(SELECT d.material from detalle_proyecto d WHERE d.proyecto_numero_orden=(SELECT MAX(p.numero_orden) FROM proyecto p) AND d.idDetalle_proyecto=(SELECT MAX(pt.idDetalle_proyecto) FROM detalle_proyecto pt));



IF material="TH" THEN
 INSERT INTO `detalle_formato_estandar`(`tiempo_por_unidad`, `tiempo_total_por_proceso`, `cantidad_terminada`, `detalle_proyecto_idDetalle_proyecto`, `Procesos_idproceso`, `estado_idestado`) VALUES
('0','0','0',(SELECT MAX(idDetalle_proyecto) FROM detalle_proyecto),2,1);
END IF;




 INSERT INTO `detalle_formato_estandar`(`tiempo_por_unidad`, `tiempo_total_por_proceso`, `cantidad_terminada`, `detalle_proyecto_idDetalle_proyecto`, `Procesos_idproceso`, `estado_idestado`) VALUES
('0','0','0',(SELECT MAX(idDetalle_proyecto) FROM detalle_proyecto),3,1);

 INSERT INTO `detalle_formato_estandar`(`tiempo_por_unidad`, `tiempo_total_por_proceso`, `cantidad_terminada`, `detalle_proyecto_idDetalle_proyecto`, `Procesos_idproceso`, `estado_idestado`) VALUES
('0','0','0',(SELECT MAX(idDetalle_proyecto) FROM detalle_proyecto),4,1);

INSERT INTO `detalle_formato_estandar`(`tiempo_por_unidad`, `tiempo_total_por_proceso`, `cantidad_terminada`, `detalle_proyecto_idDetalle_proyecto`, `Procesos_idproceso`, `estado_idestado`) VALUES
('0','0','0',(SELECT MAX(idDetalle_proyecto) FROM detalle_proyecto),5,1);

     IF tipo=1 THEN
set antisolder=(SELECT antisolderC from proyecto where numero_orden=(SELECT proyecto_numero_orden from detalle_proyecto WHERE idDetalle_proyecto=(SELECT MAX(idDetalle_proyecto) FROM detalle_proyecto)));

set ruteo=(SELECT ruteoC from proyecto where numero_orden=(SELECT proyecto_numero_orden from detalle_proyecto WHERE idDetalle_proyecto=(SELECT MAX(idDetalle_proyecto) FROM detalle_proyecto)));

 IF antisolder=1 THEN
 INSERT INTO `detalle_formato_estandar`(`tiempo_por_unidad`, `tiempo_total_por_proceso`, `cantidad_terminada`, `detalle_proyecto_idDetalle_proyecto`, `Procesos_idproceso`, `estado_idestado`) VALUES
('0','0','0',(SELECT MAX(idDetalle_proyecto) FROM detalle_proyecto),6,1);
 END IF;
 
INSERT INTO `detalle_formato_estandar`(`tiempo_por_unidad`, `tiempo_total_por_proceso`, `cantidad_terminada`, `detalle_proyecto_idDetalle_proyecto`, `Procesos_idproceso`, `estado_idestado`) VALUES
('0','0','0',(SELECT MAX(idDetalle_proyecto) FROM detalle_proyecto),7,1);

 INSERT INTO `detalle_formato_estandar`(`tiempo_por_unidad`, `tiempo_total_por_proceso`, `cantidad_terminada`, `detalle_proyecto_idDetalle_proyecto`, `Procesos_idproceso`, `estado_idestado`) VALUES
('0','0','0',(SELECT MAX(idDetalle_proyecto) FROM detalle_proyecto),8,1);

  IF ruteo=1 THEN
 INSERT INTO `detalle_formato_estandar`(`tiempo_por_unidad`, `tiempo_total_por_proceso`, `cantidad_terminada`, `detalle_proyecto_idDetalle_proyecto`, `Procesos_idproceso`, `estado_idestado`) VALUES
('0','0','0',(SELECT MAX(idDetalle_proyecto) FROM detalle_proyecto),9,1);
 END IF;
     END IF;
          IF tipo=7 THEN
          
set antisolder=(SELECT antisolderP from proyecto where numero_orden=(SELECT proyecto_numero_orden from detalle_proyecto WHERE idDetalle_proyecto=(SELECT MAX(idDetalle_proyecto) FROM detalle_proyecto)));

set ruteo=(SELECT ruteoP from proyecto where numero_orden=(SELECT proyecto_numero_orden from detalle_proyecto WHERE idDetalle_proyecto=(SELECT MAX(idDetalle_proyecto) FROM detalle_proyecto)));
 IF antisolder=1 THEN
 INSERT INTO `detalle_formato_estandar`(`tiempo_por_unidad`, `tiempo_total_por_proceso`, `cantidad_terminada`, `detalle_proyecto_idDetalle_proyecto`, `Procesos_idproceso`, `estado_idestado`) VALUES
('0','0','0',(SELECT MAX(idDetalle_proyecto) FROM detalle_proyecto),6,1);
 END IF;
INSERT INTO `detalle_formato_estandar`(`tiempo_por_unidad`, `tiempo_total_por_proceso`, `cantidad_terminada`, `detalle_proyecto_idDetalle_proyecto`, `Procesos_idproceso`, `estado_idestado`) VALUES
('0','0','0',(SELECT MAX(idDetalle_proyecto) FROM detalle_proyecto),7,1);

 INSERT INTO `detalle_formato_estandar`(`tiempo_por_unidad`, `tiempo_total_por_proceso`, `cantidad_terminada`, `detalle_proyecto_idDetalle_proyecto`, `Procesos_idproceso`, `estado_idestado`) VALUES
('0','0','0',(SELECT MAX(idDetalle_proyecto) FROM detalle_proyecto),8,1);

  IF ruteo=1 THEN
INSERT INTO `detalle_formato_estandar`(`tiempo_por_unidad`, `tiempo_total_por_proceso`, `cantidad_terminada`, `detalle_proyecto_idDetalle_proyecto`, `Procesos_idproceso`, `estado_idestado`) VALUES
('0','0','0',(SELECT MAX(idDetalle_proyecto) FROM detalle_proyecto),9,1);
 END IF;
          END IF;
INSERT INTO `detalle_formato_estandar`(`tiempo_por_unidad`, `tiempo_total_por_proceso`, `cantidad_terminada`, `detalle_proyecto_idDetalle_proyecto`, `Procesos_idproceso`, `estado_idestado`) VALUES
('0','0','0',(SELECT MAX(idDetalle_proyecto) FROM detalle_proyecto),10,1);
   END IF;
  END IF;
 END IF;
END IF;
END$$

CREATE DEFINER=`root`@`localhost` PROCEDURE `PA_RegistrarDetalleTeclados` (IN `proceso` INT)  NO SQL
BEGIN
INSERT INTO `detalle_teclados`(`tiempo_por_unidad`, `tiempo_total_proceso`, `cantidad_terminada`, `detalle_proyecto_idDetalle_proyecto`, `Procesos_idproceso`, `estado_idestado`)VALUES
('0','0','0',(SELECT MAX(idDetalle_proyecto) FROM detalle_proyecto),proceso,1);
END$$

CREATE DEFINER=`root`@`localhost` PROCEDURE `PA_Sesion` (IN `sec` INT, IN `ced` VARCHAR(13))  NO SQL
BEGIN

UPDATE usuario u SET u.sesion=sec WHERE u.numero_documento=ced;

END$$

CREATE DEFINER=`root`@`localhost` PROCEDURE `PA_ValidarCantidadDetalleProyecto` (IN `orden` INT, IN `detalle` INT, IN `lector` INT, IN `busqueda` INT)  NO SQL
BEGIN

DECLARE can int;
DECLARE id int;

IF busqueda=1 THEN

SET id=(SELECT f.cantidad_terminada from detalle_formato_estandar f JOIN detalle_proyecto d on f.detalle_proyecto_idDetalle_proyecto=d.idDetalle_proyecto where d.proyecto_numero_orden=orden AND d.idDetalle_proyecto=detalle and f.Procesos_idproceso=lector and f.estado_idestado=4);

ELSE
 IF busqueda=2 THEN
 
 SET id=(SELECT f.cantidad_terminada from detalle_teclados f JOIN detalle_proyecto d on f.detalle_proyecto_idDetalle_proyecto=d.idDetalle_proyecto where d.proyecto_numero_orden=orden AND d.idDetalle_proyecto=detalle and f.Procesos_idproceso=lector and f.estado_idestado=4);
 
 ELSE
  IF busqueda=3 THEN
  
  SET id=(SELECT f.cantidad_terminada from detalle_ensamble f JOIN detalle_proyecto d on f.detalle_proyecto_idDetalle_proyecto=d.idDetalle_proyecto where d.proyecto_numero_orden=orden AND d.idDetalle_proyecto=detalle and f.Procesos_idproceso=lector and f.estado_idestado=4);
  
  END IF; 
 END IF;
END IF;
set can=(select d.canitadad_total FROM detalle_proyecto d WHERE d.idDetalle_proyecto=detalle);

SELECT can as contidad_total,id as cantidad_proceso;
END$$

CREATE DEFINER=`root`@`localhost` PROCEDURE `PA_validarPNC` (IN `orden` INT, IN `proceso` VARCHAR(30))  NO SQL
BEGIN

SELECT p.idDetalle_proyecto FROM detalle_proyecto p WHERE p.ubicacion=proceso and p.proyecto_numero_orden=orden;

END$$

CREATE DEFINER=`root`@`localhost` PROCEDURE `prueba` ()  NO SQL
BEGIN
DECLARE material varchar(15);
set material=(SELECT d.material from detalle_proyecto d WHERE d.proyecto_numero_orden=(SELECT MAX(p.numero_orden) FROM proyecto p) AND d.idDetalle_proyecto=(SELECT MAX(pt.idDetalle_proyecto) FROM detalle_proyecto pt));

SELECT material;
END$$

--
-- Funciones
--
CREATE DEFINER=`root`@`localhost` FUNCTION `FU_ActualizarEstado` (`doc` VARCHAR(13), `est` BOOLEAN) RETURNS TINYINT(1) NO SQL
BEGIN
DECLARE val varchar(13);
set val= (SELECT numero_documento from usuario where numero_documento=doc);

IF val=doc THEN
UPDATE usuario SET estado=est WHERE numero_documento=doc;
RETURN 1;
ELSE
RETURN 0;
END IF;
END$$

CREATE DEFINER=`root`@`localhost` FUNCTION `FU_CambiarContraseña` (`doc` VARCHAR(13), `contra` VARCHAR(20), `anti` VARCHAR(20)) RETURNS TINYINT(1) NO SQL
BEGIN
DECLARE var varchar(20);
set var=(SELECT u.contraeña FROM usuario u WHERE u.numero_documento = doc);
IF var=anti THEN
UPDATE usuario u SET u.contraeña=contra WHERE u.numero_documento=doc;
RETURN 1;
ELSE
RETURN 0;
END IF;
END$$

CREATE DEFINER=`root`@`localhost` FUNCTION `FU_EliminarDetalleProyectoEnsamble` (`iddetalle` INT, `orden` INT) RETURNS TINYINT(1) NO SQL
BEGIN
DECLARE cantidad int;
SET cantidad=(SELECT count(*) from detalle_ensamble f INNER JOIN detalle_proyecto d  WHERE f.detalle_proyecto_idDetalle_proyecto=iddetalle AND f.fecha_inicio is not null and d.proyecto_numero_orden=orden);

IF cantidad=0 THEN
DELETE FROM `detalle_ensamble` WHERE detalle_proyecto_idDetalle_proyecto=iddetalle;

DELETE FROM `detalle_proyecto` WHERE idDetalle_proyecto=iddetalle;
RETURN 1;
ELSE
RETURN 0;
END IF;
END$$

CREATE DEFINER=`root`@`localhost` FUNCTION `FU_EliminarDetalleProyectoFormatoestandar` (`iddetalle` INT, `orden` INT) RETURNS TINYINT(1) NO SQL
BEGIN
DECLARE cantidad int;
SET cantidad=(SELECT count(*) from detalle_formato_estandar f INNER JOIN detalle_proyecto d  WHERE f.detalle_proyecto_idDetalle_proyecto=iddetalle AND f.fecha_inicio is not null and d.proyecto_numero_orden=orden);

IF cantidad=0 THEN
DELETE FROM `detalle_formato_estandar` WHERE detalle_proyecto_idDetalle_proyecto=iddetalle;

DELETE FROM `detalle_proyecto` WHERE idDetalle_proyecto=iddetalle;
RETURN 1;
ELSE
RETURN 0;
END IF;
END$$

CREATE DEFINER=`root`@`localhost` FUNCTION `FU_EliminarDetalleProyectoTeclados` (`iddetalle` INT, `orden` INT) RETURNS TINYINT(1) NO SQL
BEGIN
DECLARE cantidad int;
SET cantidad=(SELECT count(*) from detalle_teclados f INNER JOIN detalle_proyecto d  WHERE f.detalle_proyecto_idDetalle_proyecto=iddetalle AND f.fecha_inicio is not null and d.proyecto_numero_orden=orden);

IF cantidad=0 THEN
DELETE FROM `detalle_teclados` WHERE detalle_proyecto_idDetalle_proyecto=iddetalle;

DELETE FROM `detalle_proyecto` WHERE idDetalle_proyecto=iddetalle;
RETURN 1;
ELSE
RETURN 0;
END IF;
END$$

CREATE DEFINER=`root`@`localhost` FUNCTION `FU_IniciarSesion` (`usuario` VARCHAR(13), `pasw` VARCHAR(20)) RETURNS TINYINT(2) NO SQL
BEGIN
DECLARE val varchar(13);
DECLARE car int;
SET val=(SELECT u.numero_documento from usuario u WHERE u.numero_documento=usuario AND u.contraeña= pasw AND estado=1);
if val!='' THEN
set car=(SELECT cargo_idcargo FROM usuario WHERE numero_documento = usuario);
  RETURN car;
ELSE
  RETURN 0;
END IF;
END$$

CREATE DEFINER=`root`@`localhost` FUNCTION `FU_InsertarModificarUsuar` (`_doc` VARCHAR(13), `_tipo` VARCHAR(3), `_nombre` VARCHAR(30), `_apellido` VARCHAR(30), `_cargo` TINYINT, `_estado` TINYINT, `op` TINYINT) RETURNS TINYINT(1) READS SQL DATA
BEGIN
 DECLARE val varchar(13);
if op=1 THEN
SET val=(SELECT numero_documento FROM usuario WHERE    numero_documento=_doc);
  IF val=_doc THEN
     RETURN 0;
 ELSE 
     INSERT INTO        usuario(numero_documento,tipo_documento,nombres,apellidos,cargo_idcargo,estado,contraeña)   VALUES (_doc,_tipo,_nombre,_apellido,_cargo,_estado,_doc);
  return 1;
  
END IF;
ELSE
UPDATE usuario SET tipo_documento=_tipo,nombres=_nombre, apellidos=_apellido, cargo_idcargo=_cargo,estado=_estado where  numero_documento=_doc;
RETURN 1;
END IF;
END$$

CREATE DEFINER=`root`@`localhost` FUNCTION `FU_ModificarDetalleProyecto` (`orden` INT(11), `idDetalle` INT, `cantidad` VARCHAR(6), `material` VARCHAR(6)) RETURNS TINYINT(1) NO SQL
BEGIN
UPDATE `detalle_proyecto` SET `canitadad_total`=cantidad,`material`=material WHERE idDetalle_proyecto=idDetalle and proyecto_numero_orden=orden;
RETURN 1;
END$$

CREATE DEFINER=`root`@`localhost` FUNCTION `FU_RegistrarDetalleProyecto` (`orden` INT(11), `tipoNegocio` VARCHAR(20), `cantidad` VARCHAR(6), `negocio` VARCHAR(20), `estado` TINYINT(1), `material` VARCHAR(6), `pnc` TINYINT(1), `ubic` VARCHAR(30)) RETURNS TINYINT(1) NO SQL
BEGIN
IF material != '' THEN
INSERT INTO `detalle_proyecto`(`tipo_negocio_idtipo_negocio`, `canitadad_total`, `proyecto_numero_orden`, `negocio_idnegocio`, `estado_idestado`,`material`,`PNC`,`ubicacion`) VALUES ((SELECT idtipo_negocio from tipo_negocio where nombre =tipoNegocio),cantidad,orden,(SELECT idnegocio FROM negocio WHERE nom_negocio =negocio),estado,material,pnc,ubic);
RETURN 1;
ELSE
INSERT INTO `detalle_proyecto`(`tipo_negocio_idtipo_negocio`, `canitadad_total`, `proyecto_numero_orden`, `negocio_idnegocio`, `estado_idestado`,`PNC`,`ubicacion`) VALUES ((SELECT idtipo_negocio from tipo_negocio where nombre =tipoNegocio),cantidad,orden,(SELECT idnegocio FROM negocio WHERE nom_negocio =negocio),estado,pnc,ubic);
RETURN 1;
END IF;
END$$

CREATE DEFINER=`root`@`localhost` FUNCTION `FU_RegistrarModificarProyecto` (`doc` VARCHAR(13), `cliente` VARCHAR(30), `proyecto` VARCHAR(30), `tipo` VARCHAR(6), `fe` TINYINT(1), `te` TINYINT(1), `inte` TINYINT(1), `pcbfe` TINYINT(1), `pcbte` TINYINT(1), `conv` TINYINT(1), `rep` TINYINT(1), `tro` TINYINT(1), `st` TINYINT(1), `lexan` TINYINT(1), `entrega` VARCHAR(10), `ruteo` TINYINT(1), `anti` TINYINT(1), `norden` INT, `op` TINYINT(1), `ruteoP` TINYINT(1), `antiP` TINYINT(1)) RETURNS TINYINT(11) NO SQL
IF op=1 THEN
INSERT INTO `proyecto`(`usuario_numero_documento`, `nombre_cliente`, `nombre_proyecto`, `tipo_proyecto`, `FE`, `TE`, `IN`, `pcb_FE`, `pcb_TE`, `Conversor`, `Repujado`, `troquel`, `stencil`, `lexan`, `fecha_ingreso`, `fecha_entrega`, `ruteoC`, `antisolderC`, `estado_idestado`,`ruteoP`,`antisolderP`) VALUES (doc,cliente,proyecto,tipo,fe,te,inte,pcbfe,pcbte,conv,rep,tro,st,lexan,(SELECT now()),entrega,ruteo,anti,1,ruteoP,antiP);
RETURN 1;
ELSE 
 UPDATE `proyecto` SET `nombre_cliente`=cliente,`nombre_proyecto`=proyecto,`tipo_proyecto`=tipo,`FE`=fe,`TE`=te,`IN`=inte,`pcb_FE`=pcbfe,`pcb_TE`=pcbte,`Conversor`=conv,`Repujado`=rep,`troquel`=tro,`stencil`=st,`lexan`=lexan,`fecha_entrega`=entrega,`ruteoC`=ruteo,`antisolderC`=anti,`ruteoP`=ruteoP,`antisolderP`=antiP WHERE numero_orden=norden;
RETURN 1;
END IF$$

CREATE DEFINER=`root`@`localhost` FUNCTION `FU_ValidarTomaDeTiempo` (`orden` INT, `detalle` INT, `lector` INT, `busqueda` INT) RETURNS TINYINT(1) NO SQL
BEGIN

DECLARE id int;

IF busqueda=1 THEN
SET id=(SELECT f.idDetalle_formato_estandar from detalle_formato_estandar f JOIN detalle_proyecto d on f.detalle_proyecto_idDetalle_proyecto=d.idDetalle_proyecto where d.proyecto_numero_orden=orden AND d.idDetalle_proyecto=detalle and f.Procesos_idproceso=lector and f.estado_idestado=4);
ELSE
  IF busqueda=2 THEN
SET id=(SELECT f.idDetalle_teclados from 
detalle_teclados f JOIN detalle_proyecto d on f.detalle_proyecto_idDetalle_proyecto=d.idDetalle_proyecto where d.proyecto_numero_orden=orden AND d.idDetalle_proyecto=detalle and f.Procesos_idproceso=lector and f.estado_idestado=4);
  ELSE 
    IF busqueda=3 THEN
    SET id=(SELECT f.idDetalle_ensamble from 
detalle_ensamble f JOIN detalle_proyecto d on f.detalle_proyecto_idDetalle_proyecto=d.idDetalle_proyecto where d.proyecto_numero_orden=orden AND d.idDetalle_proyecto=detalle and f.Procesos_idproceso=lector and f.estado_idestado=4);
    END IF;
  END IF;
END IF;

IF id !='null' THEN
RETURN 1;
ELSE
RETURN 0;
END IF;

END$$

DELIMITER ;

-- --------------------------------------------------------

--
-- Estructura de tabla para la tabla `cargo`
--

CREATE TABLE `cargo` (
  `idcargo` tinyint(4) NOT NULL,
  `nombre` varchar(30) NOT NULL
) ENGINE=InnoDB DEFAULT CHARSET=utf8;

--
-- Volcado de datos para la tabla `cargo`
--

INSERT INTO `cargo` (`idcargo`, `nombre`) VALUES
(1, 'Gestor Comercial'),
(2, 'Encargado de FE y TE'),
(3, 'Encargado de EN'),
(4, 'Administrador');

-- --------------------------------------------------------

--
-- Estructura de tabla para la tabla `detalle_ensamble`
--

CREATE TABLE `detalle_ensamble` (
  `idDetalle_ensamble` smallint(6) NOT NULL,
  `tiempo_por_unidad` varchar(6) DEFAULT NULL,
  `tiempo_total_por_proceso` varchar(6) DEFAULT NULL,
  `cantidad_terminada` varchar(6) DEFAULT NULL,
  `fecha_inicio` date DEFAULT NULL,
  `fecha_fin` date DEFAULT NULL,
  `detalle_proyecto_idDetalle_proyecto` int(11) NOT NULL,
  `Procesos_idproceso` tinyint(4) NOT NULL,
  `estado_idestado` tinyint(4) NOT NULL,
  `hora_ejecucion` time DEFAULT NULL,
  `hora_terminacion` time DEFAULT NULL
) ENGINE=InnoDB DEFAULT CHARSET=utf8;

-- --------------------------------------------------------

--
-- Estructura de tabla para la tabla `detalle_formato_estandar`
--

CREATE TABLE `detalle_formato_estandar` (
  `idDetalle_formato_estandar` smallint(6) NOT NULL,
  `tiempo_por_unidad` varchar(6) DEFAULT NULL,
  `tiempo_total_por_proceso` varchar(6) DEFAULT NULL,
  `cantidad_terminada` varchar(6) DEFAULT NULL,
  `fecha_inicio` date DEFAULT NULL,
  `fecha_fin` date DEFAULT NULL,
  `detalle_proyecto_idDetalle_proyecto` int(11) NOT NULL,
  `Procesos_idproceso` tinyint(4) NOT NULL,
  `estado_idestado` tinyint(4) NOT NULL,
  `hora_ejecucion` time DEFAULT NULL,
  `hora_terminacion` time DEFAULT NULL
) ENGINE=InnoDB DEFAULT CHARSET=utf8;

--
-- Volcado de datos para la tabla `detalle_formato_estandar`
--

INSERT INTO `detalle_formato_estandar` (`idDetalle_formato_estandar`, `tiempo_por_unidad`, `tiempo_total_por_proceso`, `cantidad_terminada`, `fecha_inicio`, `fecha_fin`, `detalle_proyecto_idDetalle_proyecto`, `Procesos_idproceso`, `estado_idestado`, `hora_ejecucion`, `hora_terminacion`) VALUES
(547, '0', '8', '2', '2017-10-26', NULL, 85, 1, 2, '08:55:55', '08:56:14'),
(548, '0', '0', '0', NULL, NULL, 85, 2, 1, NULL, NULL),
(549, '0', '0', '0', NULL, NULL, 85, 3, 1, NULL, NULL),
(550, '0', '0', '0', NULL, NULL, 85, 4, 1, NULL, NULL),
(551, '0', '0', '0', NULL, NULL, 85, 5, 1, NULL, NULL),
(553, '0', '0', '0', NULL, NULL, 85, 7, 1, NULL, NULL),
(554, '0', '0', '0', NULL, NULL, 85, 8, 1, NULL, NULL),
(555, '0', '0', '0', NULL, NULL, 85, 9, 1, NULL, NULL),
(556, '0', '0', '0', NULL, NULL, 85, 10, 1, NULL, NULL),
(557, '0', '3', '10', '2017-10-26', '2017-10-26', 87, 1, 3, '11:27:00', '11:27:04'),
(558, '0', '0', '0', NULL, NULL, 87, 2, 1, NULL, NULL),
(559, '0', '0', '0', NULL, NULL, 87, 3, 1, NULL, NULL),
(560, '0', '0', '0', NULL, NULL, 87, 4, 1, NULL, NULL),
(561, '0', '0', '0', NULL, NULL, 87, 5, 1, NULL, NULL),
(562, '0', '0', '0', NULL, NULL, 87, 6, 1, NULL, NULL),
(563, '0', '0', '0', NULL, NULL, 87, 7, 1, NULL, NULL),
(564, '0', '0', '0', NULL, NULL, 87, 8, 1, NULL, NULL),
(565, '0', '0', '0', NULL, NULL, 87, 9, 1, NULL, NULL),
(566, '0', '0', '0', NULL, NULL, 87, 10, 1, NULL, NULL),
(567, '0', '0', '0', NULL, NULL, 88, 1, 1, NULL, NULL),
(568, '0', '0', '0', NULL, NULL, 88, 3, 1, NULL, NULL),
(569, '0', '0', '0', NULL, NULL, 88, 4, 1, NULL, NULL),
(570, '0', '0', '0', NULL, NULL, 88, 5, 1, NULL, NULL),
(571, '0', '0', '0', NULL, NULL, 88, 7, 1, NULL, NULL),
(572, '0', '0', '0', NULL, NULL, 88, 8, 1, NULL, NULL),
(573, '0', '0', '0', NULL, NULL, 88, 10, 1, NULL, NULL),
(574, '0', '0', '0', NULL, NULL, 89, 1, 1, NULL, NULL),
(575, '0', '0', '0', NULL, NULL, 89, 2, 1, NULL, NULL),
(576, '0', '0', '0', NULL, NULL, 89, 3, 1, NULL, NULL),
(577, '0', '0', '0', NULL, NULL, 89, 4, 1, NULL, NULL),
(578, '0', '0', '0', NULL, NULL, 89, 5, 1, NULL, NULL),
(579, '0', '0', '0', NULL, NULL, 89, 7, 1, NULL, NULL),
(580, '0', '0', '0', NULL, NULL, 89, 8, 1, NULL, NULL),
(581, '0', '0', '0', NULL, NULL, 89, 10, 1, NULL, NULL),
(582, '0', '0', '0', NULL, NULL, 90, 1, 1, NULL, NULL),
(583, '0', '0', '0', NULL, NULL, 90, 3, 1, NULL, NULL),
(584, '0', '0', '0', NULL, NULL, 90, 4, 1, NULL, NULL),
(585, '0', '0', '0', NULL, NULL, 90, 5, 1, NULL, NULL),
(586, '0', '0', '0', NULL, NULL, 90, 7, 1, NULL, NULL),
(587, '0', '0', '0', NULL, NULL, 90, 8, 1, NULL, NULL),
(588, '0', '0', '0', NULL, NULL, 90, 9, 1, NULL, NULL),
(589, '0', '0', '0', NULL, NULL, 90, 10, 1, NULL, NULL),
(590, '0', '0', '0', NULL, NULL, 91, 1, 1, NULL, NULL),
(591, '0', '0', '0', NULL, NULL, 91, 4, 1, NULL, NULL),
(592, '0', '0', '0', NULL, NULL, 92, 1, 1, NULL, NULL),
(593, '0', '0', '0', NULL, NULL, 92, 4, 1, NULL, NULL);

-- --------------------------------------------------------

--
-- Estructura de tabla para la tabla `detalle_proyecto`
--

CREATE TABLE `detalle_proyecto` (
  `idDetalle_proyecto` int(11) NOT NULL,
  `tipo_negocio_idtipo_negocio` tinyint(4) NOT NULL,
  `canitadad_total` varchar(6) NOT NULL,
  `material` varchar(6) DEFAULT NULL,
  `proyecto_numero_orden` int(11) NOT NULL,
  `negocio_idnegocio` tinyint(4) NOT NULL,
  `estado_idestado` tinyint(4) NOT NULL,
  `PNC` tinyint(1) NOT NULL,
  `ubicacion` varchar(25) DEFAULT NULL,
  `ejecucion` tinyint(1) DEFAULT '0'
) ENGINE=InnoDB DEFAULT CHARSET=utf8;

--
-- Volcado de datos para la tabla `detalle_proyecto`
--

INSERT INTO `detalle_proyecto` (`idDetalle_proyecto`, `tipo_negocio_idtipo_negocio`, `canitadad_total`, `material`, `proyecto_numero_orden`, `negocio_idnegocio`, `estado_idestado`, `PNC`, `ubicacion`, `ejecucion`) VALUES
(85, 1, '10', 'TH', 28527, 1, 1, 0, NULL, 0),
(86, 5, '20', 'Lexan', 28528, 2, 1, 0, NULL, 0),
(87, 1, '10', 'FV', 28529, 1, 1, 0, NULL, 0),
(88, 1, '10', 'FV', 28530, 1, 1, 0, NULL, 0),
(89, 1, '10', 'TH', 28531, 1, 1, 0, NULL, 0),
(90, 2, '10', 'FV', 28532, 1, 1, 0, NULL, 0),
(91, 4, '1', 'FV', 28532, 1, 1, 0, NULL, 0),
(92, 3, '1', 'FV', 28532, 1, 1, 0, NULL, 0);

-- --------------------------------------------------------

--
-- Estructura de tabla para la tabla `detalle_teclados`
--

CREATE TABLE `detalle_teclados` (
  `idDetalle_teclados` smallint(6) NOT NULL,
  `tiempo_por_unidad` varchar(6) DEFAULT NULL,
  `tiempo_total_proceso` varchar(6) DEFAULT NULL,
  `cantidad_terminada` varchar(6) DEFAULT NULL,
  `fecha_inicio` date DEFAULT NULL,
  `fecha_fin` date DEFAULT NULL,
  `detalle_proyecto_idDetalle_proyecto` int(11) NOT NULL,
  `Procesos_idproceso` tinyint(4) NOT NULL,
  `estado_idestado` tinyint(4) NOT NULL,
  `hora_ejecucion` time DEFAULT NULL,
  `hora_terminacion` time DEFAULT NULL
) ENGINE=InnoDB DEFAULT CHARSET=utf8;

--
-- Volcado de datos para la tabla `detalle_teclados`
--

INSERT INTO `detalle_teclados` (`idDetalle_teclados`, `tiempo_por_unidad`, `tiempo_total_proceso`, `cantidad_terminada`, `fecha_inicio`, `fecha_fin`, `detalle_proyecto_idDetalle_proyecto`, `Procesos_idproceso`, `estado_idestado`, `hora_ejecucion`, `hora_terminacion`) VALUES
(1, '0', '0', '0', NULL, NULL, 86, 11, 1, NULL, NULL),
(2, '0', '0', '0', NULL, NULL, 86, 12, 1, NULL, NULL),
(3, '0', '0', '0', NULL, NULL, 86, 13, 1, NULL, NULL),
(4, '0', '0', '0', NULL, NULL, 86, 14, 1, NULL, NULL);

-- --------------------------------------------------------

--
-- Estructura de tabla para la tabla `estado`
--

CREATE TABLE `estado` (
  `idestado` tinyint(4) NOT NULL,
  `nombre` varchar(12) NOT NULL
) ENGINE=InnoDB DEFAULT CHARSET=utf8;

--
-- Volcado de datos para la tabla `estado`
--

INSERT INTO `estado` (`idestado`, `nombre`) VALUES
(4, 'Ejecucion'),
(2, 'Pausado'),
(1, 'Por iniciar'),
(3, 'Terminado');

-- --------------------------------------------------------

--
-- Estructura de tabla para la tabla `negocio`
--

CREATE TABLE `negocio` (
  `idnegocio` tinyint(4) NOT NULL,
  `nom_negocio` varchar(6) NOT NULL,
  `estado` tinyint(1) NOT NULL
) ENGINE=InnoDB DEFAULT CHARSET=utf8;

--
-- Volcado de datos para la tabla `negocio`
--

INSERT INTO `negocio` (`idnegocio`, `nom_negocio`, `estado`) VALUES
(1, 'FE', 1),
(2, 'TE', 1),
(3, 'IN', 1);

-- --------------------------------------------------------

--
-- Estructura de tabla para la tabla `procesos`
--

CREATE TABLE `procesos` (
  `idproceso` tinyint(4) NOT NULL,
  `nombre_proceso` varchar(25) NOT NULL,
  `estado` tinyint(1) NOT NULL,
  `negocio_idnegocio` tinyint(4) NOT NULL
) ENGINE=InnoDB DEFAULT CHARSET=utf8;

--
-- Volcado de datos para la tabla `procesos`
--

INSERT INTO `procesos` (`idproceso`, `nombre_proceso`, `estado`, `negocio_idnegocio`) VALUES
(1, 'Perforado', 1, 1),
(2, 'Quimicos', 1, 1),
(3, 'Caminos', 1, 1),
(4, 'Quemado', 1, 1),
(5, 'C.C.TH', 1, 1),
(6, 'Screen', 1, 1),
(7, 'Estañado', 1, 1),
(8, 'C.C.2', 1, 1),
(9, 'Ruteo', 1, 1),
(10, 'Maquinas', 1, 1),
(11, 'Correas y Conversor', 1, 2),
(12, 'Lexan', 1, 2),
(13, 'Acople', 1, 2),
(14, 'Control calidad', 1, 2),
(15, 'Manual', 1, 3),
(16, 'Limpieza', 1, 3),
(17, 'Control Calidad', 1, 3),
(18, 'Empaque', 1, 3),
(19, 'Stencil', 1, 3),
(20, 'Linea', 1, 3);

-- --------------------------------------------------------

--
-- Estructura de tabla para la tabla `proyecto`
--

CREATE TABLE `proyecto` (
  `numero_orden` int(11) NOT NULL,
  `usuario_numero_documento` varchar(13) NOT NULL,
  `nombre_cliente` varchar(45) DEFAULT NULL,
  `nombre_proyecto` varchar(45) DEFAULT NULL,
  `tipo_proyecto` varchar(6) DEFAULT NULL,
  `FE` tinyint(1) NOT NULL,
  `TE` tinyint(1) NOT NULL,
  `IN` tinyint(1) NOT NULL,
  `pcb_FE` tinyint(1) NOT NULL,
  `pcb_TE` tinyint(1) NOT NULL,
  `Conversor` tinyint(1) NOT NULL,
  `Repujado` tinyint(1) NOT NULL,
  `troquel` tinyint(1) NOT NULL,
  `stencil` tinyint(1) NOT NULL,
  `lexan` tinyint(1) NOT NULL,
  `fecha_ingreso` datetime NOT NULL,
  `fecha_entrega` date DEFAULT NULL,
  `fecha_salidal` datetime DEFAULT NULL,
  `ruteoC` tinyint(1) DEFAULT NULL,
  `antisolderC` tinyint(1) DEFAULT NULL,
  `estado_idestado` tinyint(4) NOT NULL,
  `antisolderP` tinyint(1) DEFAULT NULL,
  `ruteoP` tinyint(1) DEFAULT NULL
) ENGINE=InnoDB DEFAULT CHARSET=utf8;

--
-- Volcado de datos para la tabla `proyecto`
--

INSERT INTO `proyecto` (`numero_orden`, `usuario_numero_documento`, `nombre_cliente`, `nombre_proyecto`, `tipo_proyecto`, `FE`, `TE`, `IN`, `pcb_FE`, `pcb_TE`, `Conversor`, `Repujado`, `troquel`, `stencil`, `lexan`, `fecha_ingreso`, `fecha_entrega`, `fecha_salidal`, `ruteoC`, `antisolderC`, `estado_idestado`, `antisolderP`, `ruteoP`) VALUES
(28527, '98113053240', 'Juan david marulanda', 'Prueba sin el lector', 'Quick', 1, 0, 0, 1, 0, 0, 0, 0, 0, 0, '2017-10-25 15:30:32', '2017-10-26', NULL, 1, 0, 1, 0, 0),
(28528, '98113053240', 'juan andres', 'prueba teclados', 'Normal', 0, 1, 0, 0, 0, 0, 0, 0, 0, 1, '2017-10-26 09:52:48', '2017-11-24', NULL, 0, 0, 1, 0, 0),
(28529, '98113053240', 'adraw', 'raspberry', 'Normal', 1, 0, 0, 1, 0, 0, 0, 0, 0, 0, '2017-10-26 11:16:13', '2017-10-31', NULL, 1, 1, 1, 0, 0),
(28530, '98113053240', 'prueba th', 'prueba th TH', 'Normal', 1, 0, 0, 1, 0, 0, 0, 0, 0, 0, '2017-10-26 14:20:47', '2017-10-27', NULL, 0, 0, 1, 0, 0),
(28531, '98113053240', 'prueva fv', 'prueba fv FV', 'Normal', 1, 0, 0, 1, 0, 0, 0, 0, 0, 0, '2017-10-26 14:27:23', '2017-10-27', NULL, 0, 0, 1, 0, 0),
(28532, '98113053240', 'nuevo', 'probando', 'Normal', 1, 1, 0, 0, 0, 1, 1, 1, 0, 0, '2017-10-26 15:04:15', '2017-11-04', NULL, 0, 0, 1, 0, 0);

-- --------------------------------------------------------

--
-- Estructura de tabla para la tabla `tiempo_proyecto`
--

CREATE TABLE `tiempo_proyecto` (
  `idtiempo_proyecto` int(11) NOT NULL,
  `time_total_procesos_FE` int(11) DEFAULT NULL,
  `time_total_unidad_FE` int(11) DEFAULT NULL,
  `time_total_procesos_TE` int(11) DEFAULT NULL,
  `time_total_unidad_TE` int(11) DEFAULT NULL,
  `time_total_procesos_IN` int(11) DEFAULT NULL,
  `time_total_unidad_IN` int(11) DEFAULT NULL
) ENGINE=InnoDB DEFAULT CHARSET=utf8;

-- --------------------------------------------------------

--
-- Estructura de tabla para la tabla `tipo_negocio`
--

CREATE TABLE `tipo_negocio` (
  `idtipo_negocio` tinyint(4) NOT NULL,
  `nombre` varchar(15) NOT NULL
) ENGINE=InnoDB DEFAULT CHARSET=utf8;

--
-- Volcado de datos para la tabla `tipo_negocio`
--

INSERT INTO `tipo_negocio` (`idtipo_negocio`, `nombre`) VALUES
(1, 'Circuito'),
(2, 'Conversor'),
(3, 'Repujado'),
(4, 'Troquel'),
(5, 'Teclado'),
(6, 'Stencil'),
(7, 'PCB');

-- --------------------------------------------------------

--
-- Estructura de tabla para la tabla `usuario`
--

CREATE TABLE `usuario` (
  `numero_documento` varchar(13) NOT NULL,
  `tipo_documento` varchar(3) NOT NULL,
  `nombres` varchar(30) NOT NULL,
  `apellidos` varchar(30) DEFAULT NULL,
  `cargo_idcargo` tinyint(4) NOT NULL,
  `imagen` longblob,
  `estado` tinyint(1) NOT NULL,
  `contraeña` varchar(20) NOT NULL,
  `sesion` tinyint(1) DEFAULT '0'
) ENGINE=InnoDB DEFAULT CHARSET=utf8;

--
-- Volcado de datos para la tabla `usuario`
--

INSERT INTO `usuario` (`numero_documento`, `tipo_documento`, `nombres`, `apellidos`, `cargo_idcargo`, `imagen`, `estado`, `contraeña`, `sesion`) VALUES
('109999999', 'CC', 'juan andres', 'asdasd', 1, NULL, 0, '109999999', 0),
('1216727816', 'CC', 'juan david', 'marulanda p', 3, NULL, 1, '1216727816', 0),
('981130', 'CC', 'sivia hortensia', 'paniagua gomez', 4, NULL, 1, '981130', 0),
('98113053', 'CC', 'Catalina', ' rosario', 1, NULL, 1, '98113053', 0),
('98113053240', 'CC', 'juan david ', 'marulito', 1, NULL, 1, '98113053240', 0),
('9813053240', 'CC', 'sergio andresss', 'marulanda', 2, NULL, 1, '9813053240', 0),
('99120101605', 'CC', 'sadasd', 'dasdas', 1, NULL, 1, '99120101605', 0);

--
-- Índices para tablas volcadas
--

--
-- Indices de la tabla `cargo`
--
ALTER TABLE `cargo`
  ADD PRIMARY KEY (`idcargo`);

--
-- Indices de la tabla `detalle_ensamble`
--
ALTER TABLE `detalle_ensamble`
  ADD PRIMARY KEY (`idDetalle_ensamble`,`detalle_proyecto_idDetalle_proyecto`,`Procesos_idproceso`,`estado_idestado`),
  ADD KEY `fk_detalle_teclados_detalle_proyecto1_idx` (`detalle_proyecto_idDetalle_proyecto`),
  ADD KEY `fk_detalle_ensamble_Procesos1_idx` (`Procesos_idproceso`),
  ADD KEY `fk_detalle_ensamble_estado1_idx` (`estado_idestado`);

--
-- Indices de la tabla `detalle_formato_estandar`
--
ALTER TABLE `detalle_formato_estandar`
  ADD PRIMARY KEY (`idDetalle_formato_estandar`,`detalle_proyecto_idDetalle_proyecto`,`Procesos_idproceso`,`estado_idestado`),
  ADD KEY `fk_detalle_formato_estandar_detalle_proyecto1_idx` (`detalle_proyecto_idDetalle_proyecto`),
  ADD KEY `fk_detalle_formato_estandar_Procesos1_idx` (`Procesos_idproceso`),
  ADD KEY `fk_detalle_formato_estandar_estado1_idx` (`estado_idestado`);

--
-- Indices de la tabla `detalle_proyecto`
--
ALTER TABLE `detalle_proyecto`
  ADD PRIMARY KEY (`idDetalle_proyecto`,`tipo_negocio_idtipo_negocio`,`proyecto_numero_orden`,`negocio_idnegocio`,`estado_idestado`),
  ADD KEY `fk_detalle_proyecto_proyecto1_idx` (`proyecto_numero_orden`),
  ADD KEY `fk_detalle_proyecto_tipo_negocio1_idx` (`tipo_negocio_idtipo_negocio`),
  ADD KEY `fk_detalle_proyecto_negocio1_idx` (`negocio_idnegocio`),
  ADD KEY `fk_detalle_proyecto_estado1_idx` (`estado_idestado`);

--
-- Indices de la tabla `detalle_teclados`
--
ALTER TABLE `detalle_teclados`
  ADD PRIMARY KEY (`idDetalle_teclados`,`detalle_proyecto_idDetalle_proyecto`,`Procesos_idproceso`,`estado_idestado`),
  ADD KEY `fk_detalle_teclados_detalle_proyecto1_idx` (`detalle_proyecto_idDetalle_proyecto`),
  ADD KEY `fk_detalle_teclados_Procesos1_idx` (`Procesos_idproceso`),
  ADD KEY `fk_detalle_teclados_estado1_idx` (`estado_idestado`);

--
-- Indices de la tabla `estado`
--
ALTER TABLE `estado`
  ADD PRIMARY KEY (`idestado`),
  ADD UNIQUE KEY `nombre_UNIQUE` (`nombre`);

--
-- Indices de la tabla `negocio`
--
ALTER TABLE `negocio`
  ADD PRIMARY KEY (`idnegocio`);

--
-- Indices de la tabla `procesos`
--
ALTER TABLE `procesos`
  ADD PRIMARY KEY (`idproceso`,`negocio_idnegocio`),
  ADD KEY `fk_Procesos_negocio1_idx` (`negocio_idnegocio`);

--
-- Indices de la tabla `proyecto`
--
ALTER TABLE `proyecto`
  ADD PRIMARY KEY (`numero_orden`,`usuario_numero_documento`,`estado_idestado`),
  ADD UNIQUE KEY `numero_orden_UNIQUE` (`numero_orden`),
  ADD KEY `fk_proyecto_usuario_idx` (`usuario_numero_documento`),
  ADD KEY `fk_proyecto_estado1_idx` (`estado_idestado`);

--
-- Indices de la tabla `tiempo_proyecto`
--
ALTER TABLE `tiempo_proyecto`
  ADD PRIMARY KEY (`idtiempo_proyecto`);

--
-- Indices de la tabla `tipo_negocio`
--
ALTER TABLE `tipo_negocio`
  ADD PRIMARY KEY (`idtipo_negocio`);

--
-- Indices de la tabla `usuario`
--
ALTER TABLE `usuario`
  ADD PRIMARY KEY (`numero_documento`,`cargo_idcargo`),
  ADD UNIQUE KEY `numero_documento_UNIQUE` (`numero_documento`),
  ADD KEY `fk_usuario_cargo1_idx` (`cargo_idcargo`);

--
-- AUTO_INCREMENT de las tablas volcadas
--

--
-- AUTO_INCREMENT de la tabla `cargo`
--
ALTER TABLE `cargo`
  MODIFY `idcargo` tinyint(4) NOT NULL AUTO_INCREMENT, AUTO_INCREMENT=5;

--
-- AUTO_INCREMENT de la tabla `detalle_ensamble`
--
ALTER TABLE `detalle_ensamble`
  MODIFY `idDetalle_ensamble` smallint(6) NOT NULL AUTO_INCREMENT;

--
-- AUTO_INCREMENT de la tabla `detalle_formato_estandar`
--
ALTER TABLE `detalle_formato_estandar`
  MODIFY `idDetalle_formato_estandar` smallint(6) NOT NULL AUTO_INCREMENT, AUTO_INCREMENT=594;

--
-- AUTO_INCREMENT de la tabla `detalle_proyecto`
--
ALTER TABLE `detalle_proyecto`
  MODIFY `idDetalle_proyecto` int(11) NOT NULL AUTO_INCREMENT, AUTO_INCREMENT=93;

--
-- AUTO_INCREMENT de la tabla `detalle_teclados`
--
ALTER TABLE `detalle_teclados`
  MODIFY `idDetalle_teclados` smallint(6) NOT NULL AUTO_INCREMENT, AUTO_INCREMENT=5;

--
-- AUTO_INCREMENT de la tabla `estado`
--
ALTER TABLE `estado`
  MODIFY `idestado` tinyint(4) NOT NULL AUTO_INCREMENT, AUTO_INCREMENT=5;

--
-- AUTO_INCREMENT de la tabla `negocio`
--
ALTER TABLE `negocio`
  MODIFY `idnegocio` tinyint(4) NOT NULL AUTO_INCREMENT, AUTO_INCREMENT=4;

--
-- AUTO_INCREMENT de la tabla `procesos`
--
ALTER TABLE `procesos`
  MODIFY `idproceso` tinyint(4) NOT NULL AUTO_INCREMENT, AUTO_INCREMENT=21;

--
-- AUTO_INCREMENT de la tabla `proyecto`
--
ALTER TABLE `proyecto`
  MODIFY `numero_orden` int(11) NOT NULL AUTO_INCREMENT, AUTO_INCREMENT=28533;

--
-- AUTO_INCREMENT de la tabla `tipo_negocio`
--
ALTER TABLE `tipo_negocio`
  MODIFY `idtipo_negocio` tinyint(4) NOT NULL AUTO_INCREMENT, AUTO_INCREMENT=8;

--
-- Restricciones para tablas volcadas
--

--
-- Filtros para la tabla `detalle_ensamble`
--
ALTER TABLE `detalle_ensamble`
  ADD CONSTRAINT `fk_detalle_ensamble_Procesos1` FOREIGN KEY (`Procesos_idproceso`) REFERENCES `procesos` (`idproceso`) ON DELETE NO ACTION ON UPDATE NO ACTION,
  ADD CONSTRAINT `fk_detalle_ensamble_estado1` FOREIGN KEY (`estado_idestado`) REFERENCES `estado` (`idestado`) ON DELETE NO ACTION ON UPDATE NO ACTION,
  ADD CONSTRAINT `fk_detalle_teclados_detalle_proyecto10` FOREIGN KEY (`detalle_proyecto_idDetalle_proyecto`) REFERENCES `detalle_proyecto` (`idDetalle_proyecto`) ON DELETE NO ACTION ON UPDATE NO ACTION;

--
-- Filtros para la tabla `detalle_formato_estandar`
--
ALTER TABLE `detalle_formato_estandar`
  ADD CONSTRAINT `fk_detalle_formato_estandar_Procesos1` FOREIGN KEY (`Procesos_idproceso`) REFERENCES `procesos` (`idproceso`) ON DELETE NO ACTION ON UPDATE NO ACTION,
  ADD CONSTRAINT `fk_detalle_formato_estandar_detalle_proyecto1` FOREIGN KEY (`detalle_proyecto_idDetalle_proyecto`) REFERENCES `detalle_proyecto` (`idDetalle_proyecto`) ON DELETE NO ACTION ON UPDATE NO ACTION,
  ADD CONSTRAINT `fk_detalle_formato_estandar_estado1` FOREIGN KEY (`estado_idestado`) REFERENCES `estado` (`idestado`) ON DELETE NO ACTION ON UPDATE NO ACTION;

--
-- Filtros para la tabla `detalle_proyecto`
--
ALTER TABLE `detalle_proyecto`
  ADD CONSTRAINT `fk_detalle_proyecto_estado1` FOREIGN KEY (`estado_idestado`) REFERENCES `estado` (`idestado`) ON DELETE NO ACTION ON UPDATE NO ACTION,
  ADD CONSTRAINT `fk_detalle_proyecto_negocio1` FOREIGN KEY (`negocio_idnegocio`) REFERENCES `negocio` (`idnegocio`) ON DELETE NO ACTION ON UPDATE NO ACTION,
  ADD CONSTRAINT `fk_detalle_proyecto_proyecto1` FOREIGN KEY (`proyecto_numero_orden`) REFERENCES `proyecto` (`numero_orden`) ON DELETE NO ACTION ON UPDATE NO ACTION,
  ADD CONSTRAINT `fk_detalle_proyecto_tipo_negocio1` FOREIGN KEY (`tipo_negocio_idtipo_negocio`) REFERENCES `tipo_negocio` (`idtipo_negocio`) ON DELETE NO ACTION ON UPDATE NO ACTION;

--
-- Filtros para la tabla `detalle_teclados`
--
ALTER TABLE `detalle_teclados`
  ADD CONSTRAINT `fk_detalle_teclados_Procesos1` FOREIGN KEY (`Procesos_idproceso`) REFERENCES `procesos` (`idproceso`) ON DELETE NO ACTION ON UPDATE NO ACTION,
  ADD CONSTRAINT `fk_detalle_teclados_detalle_proyecto1` FOREIGN KEY (`detalle_proyecto_idDetalle_proyecto`) REFERENCES `detalle_proyecto` (`idDetalle_proyecto`) ON DELETE NO ACTION ON UPDATE NO ACTION,
  ADD CONSTRAINT `fk_detalle_teclados_estado1` FOREIGN KEY (`estado_idestado`) REFERENCES `estado` (`idestado`) ON DELETE NO ACTION ON UPDATE NO ACTION;

--
-- Filtros para la tabla `procesos`
--
ALTER TABLE `procesos`
  ADD CONSTRAINT `fk_Procesos_negocio1` FOREIGN KEY (`negocio_idnegocio`) REFERENCES `negocio` (`idnegocio`) ON DELETE NO ACTION ON UPDATE NO ACTION;

--
-- Filtros para la tabla `proyecto`
--
ALTER TABLE `proyecto`
  ADD CONSTRAINT `fk_proyecto_estado1` FOREIGN KEY (`estado_idestado`) REFERENCES `estado` (`idestado`) ON DELETE NO ACTION ON UPDATE NO ACTION,
  ADD CONSTRAINT `fk_proyecto_usuario` FOREIGN KEY (`usuario_numero_documento`) REFERENCES `usuario` (`numero_documento`) ON DELETE NO ACTION ON UPDATE NO ACTION;

--
-- Filtros para la tabla `usuario`
--
ALTER TABLE `usuario`
  ADD CONSTRAINT `fk_usuario_cargo1` FOREIGN KEY (`cargo_idcargo`) REFERENCES `cargo` (`idcargo`) ON DELETE NO ACTION ON UPDATE NO ACTION;
COMMIT;

/*!40101 SET CHARACTER_SET_CLIENT=@OLD_CHARACTER_SET_CLIENT */;
/*!40101 SET CHARACTER_SET_RESULTS=@OLD_CHARACTER_SET_RESULTS */;
/*!40101 SET COLLATION_CONNECTION=@OLD_COLLATION_CONNECTION */;
